data,LOCAL,BAIRRO,ESPECIE,cirurgia_realizada
2024-02-19,piedade,piedade,canino_m,sim
2024-02-19,piedade,piedade,felino_f,nao
2024-02-19,piedade,piedade,canino_f,sim
2024-02-19,piedade,piedade,felino_f,sim
2024-02-19,piedade,piedade,felino_m,sim
2024-02-19,piedade,piedade,felino_f,sim
2024-02-19,piedade,piedade,canino_m,sim
2024-02-19,piedade,piedade,canino_m,sim
2024-02-19,piedade,piedade,canino_f,sim
2024-02-19,piedade,piedade,canino_f,sim
2024-02-19,piedade,piedade,canino_m,sim
2024-02-20,piedade,piedade,canino_m,sim
2024-02-20,piedade,quintino,canino_f,sim
2024-02-20,piedade,quintino,felino_m,sim
2024-02-20,piedade,quintino,felino_m,sim
2024-02-20,piedade,cavalcanti,felino_f,sim
2024-02-20,piedade,piedade,canino_m,sim
2024-02-20,piedade,piedade,canino_m,sim
2024-02-20,piedade,piedade,felino_m,sim
2024-02-20,piedade,piedade,felino_m,sim
2024-02-20,piedade,piedade,felino_f,sim
2024-02-20,piedade,piedade,canino_m,sim
2024-02-20,piedade,piedade,canino_f,sim
2024-02-20,piedade,piedade,canino_m,sim
2024-02-20,piedade,quintino,canino_f,sim
2024-02-20,piedade,piedade,canino_m,sim
2024-02-20,piedade,piedade,felino_m,sim
2024-02-20,piedade,piedade,canino_f,sim
2024-02-20,piedade,quintino,canino_f,sim
2024-02-20,piedade,piedade,canino_f,sim
2024-02-20,piedade,quintino,felino_m,sim
2024-02-20,piedade,piedade,canino_f,sim
2024-02-20,piedade,piedade,canino_m,sim
2024-02-20,piedade,piedade,canino_f,sim
2024-02-20,piedade,piedade,canino_m,sim
2024-02-20,piedade,piedade,canino_m,sim
2024-02-20,piedade,cavalcanti,felino_f,sim
2024-02-20,antares,antares,canino_f,sim
2024-02-20,antares,santa cruz,canino_m,sim
2024-02-20,antares,santa cruz,felino_f,sim
2024-02-20,antares,santa cruz,felino_m,sim
2024-02-20,antares,antares,felino_m,sim
2024-02-20,antares,santa cruz,felino_m,sim
2024-02-20,antares,santa cruz,felino_f,sim
2024-02-20,antares,antares,felino_f,sim
2024-02-20,antares,paciencia,felino_m,sim
2024-02-20,antares,santa cruz,felino_f,sim
2024-02-20,antares,antares,felino_m,nao
2024-02-20,antares,antares,canino_f,nao
2024-02-20,antares,santa cruz,canino_m,nao
2024-02-20,antares,santa cruz,canino_f,nao
2024-02-20,antares,santa cruz,felino_f,nao
2024-02-20,antares,santa cruz,canino_m,nao
2024-02-20,antares,santa cruz,canino_f,nao
2024-02-20,antares,antares,felino_m,nao
2024-02-20,antares,santa cruz,felino_m,nao
2024-02-20,antares,santa cruz,felino_m,nao
2024-02-20,antares,antares,felino_m,nao
2024-02-21,piedade,abolicao,canino_f,sim
2024-02-21,piedade,piedade,canino_f,sim
2024-02-21,piedade,piedade,canino_m,sim
2024-02-21,piedade,piedade,canino_m,sim
2024-02-21,piedade,piedade,canino_m,sim
2024-02-21,piedade,tomas coelho,felino_f,sim
2024-02-21,piedade,piedade,felino_m,sim
2024-02-21,piedade,piedade,felino_m,sim
2024-02-21,piedade,piedade,felino_m,sim
2024-02-21,piedade,piedade,canino_m,sim
2024-02-21,piedade,piedade,canino_m,sim
2024-02-21,piedade,piedade,canino_m,sim
2024-02-21,piedade,piedade,felino_f,sim
2024-02-21,antares,santa cruz,felino_m,sim
2024-02-21,piedade,quintino,felino_m,sim
2024-02-21,piedade,piedade,canino_m,sim
2024-02-21,piedade,cavalcanti,felino_f,sim
2024-02-21,piedade,piedade,canino_m,sim
2024-02-21,piedade,piedade,felino_f,sim
2024-02-21,piedade,cavalcanti,canino_m,sim
2024-02-21,piedade,tomas coelho,canino_m,sim
2024-02-21,piedade,piedade,canino_f,sim
2024-02-21,piedade,quintino,canino_m,sim
2024-02-21,piedade,quintino,canino_m,sim
2024-02-21,piedade,piedade,canino_m,sim
2024-02-21,piedade,piedade,canino_m,sim
2024-02-21,piedade,piedade,felino_m,sim
2024-02-21,piedade,tomas coelho,felino_f,sim
2024-02-21,piedade,piedade,canino_m,sim
2024-02-21,piedade,piedade,felino_m,sim
2024-02-21,piedade,cavalcanti,felino_m,sim
2024-02-21,piedade,piedade,felino_m,sim
2024-02-21,piedade,piedade,felino_m,sim
2024-02-21,piedade,piedade,felino_m,sim
2024-02-21,piedade,piedade,canino_m,sim
2024-02-21,piedade,piedade,canino_m,sim
2024-02-21,piedade,piedade,canino_f,sim
2024-02-21,piedade,piedade,canino_f,sim
2024-02-21,piedade,cascadura,felino_m,sim
2024-02-21,piedade,cachambi,canino_m,sim
2024-02-21,piedade,piedade,felino_m,sim
2024-02-21,piedade,piedade,canino_m,sim
2024-02-21,piedade,engenho de dentro,felino_f,sim
2024-02-21,piedade,piedade,felino_f,sim
2024-02-21,piedade,piedade,felino_m,sim
2024-02-21,piedade,pilares,felino_m,sim
2024-02-21,piedade,piedade,felino_f,sim
2024-02-21,piedade,piedade,felino_m,sim
2024-02-21,piedade,piedade,felino_m,sim
2024-02-21,piedade,piedade,felino_f,sim
2024-02-21,antares,santa cruz,canino_m,nao
2024-02-21,antares,santa cruz,felino_f,nao
2024-02-21,antares,santa cruz,canino_f,nao
2024-02-21,antares,santa cruz,canino_m,nao
2024-02-21,antares,antares,canino_f,nao
2024-02-21,antares,antares,felino_f,sim
2024-02-21,antares,santa cruz,felino_m,sim
2024-02-21,antares,santa cruz,felino_m,sim
2024-02-21,antares,santa cruz,felino_m,sim
2024-02-21,antares,santa cruz,felino_m,sim
2024-02-21,antares,santa cruz,canino_f,sim
2024-02-21,antares,santa cruz,canino_m,sim
2024-02-21,antares,santa cruz,canino_m,sim
2024-02-21,antares,santa cruz,felino_f,sim
2024-02-21,antares,pantanal,felino_f,sim
2024-02-21,antares,santa cruz,felino_f,sim
2024-02-21,antares,santa cruz,felino_m,sim
2024-02-21,antares,santa cruz,felino_m,sim
2024-02-21,antares,santa cruz,canino_f,nao
2024-02-22,piedade,piedade,canino_f,sim
2024-02-22,piedade,piedade,canino_f,sim
2024-02-22,piedade,cavalcanti,canino_f,sim
2024-02-22,piedade,cavalcanti,canino_f,sim
2024-02-22,piedade,cavalcanti,felino_m,sim
2024-02-22,piedade,piedade,canino_m,sim
2024-02-22,piedade,piedade,felino_m,sim
2024-02-22,antares,piedade,canino_f,sim
2024-02-22,piedade,piedade,canino_m,sim
2024-02-22,piedade,engenho de dentro,felino_f,sim
2024-02-22,piedade,piedade,felino_f,sim
2024-02-22,piedade,piedade,felino_f,sim
2024-02-22,piedade,piedade,canino_m,sim
2024-02-22,piedade,piedade,felino_f,sim
2024-02-22,piedade,cascadura,canino_m,sim
2024-02-22,piedade,piedade,canino_f,sim
2024-02-22,piedade,piedade,canino_f,sim
2024-02-22,piedade,piedade,canino_m,sim
2024-02-22,piedade,tomas coelho,felino_f,sim
2024-02-22,piedade,piedade,canino_f,sim
2024-02-22,piedade,tomas coelho,felino_m,sim
2024-02-22,piedade,piedade,felino_m,sim
2024-02-22,piedade,tomas coelho,felino_m,sim
2024-02-22,piedade,tomas coelho,felino_m,sim
2024-02-22,piedade,cavalcanti,felino_m,sim
2024-02-22,piedade,piedade,canino_f,sim
2024-02-22,piedade,piedade,felino_m,sim
2024-02-22,piedade,cascadura,canino_f,sim
2024-02-22,piedade,piedade,felino_f,sim
2024-02-22,piedade,piedade,felino_f,sim
2024-02-22,piedade,piedade,felino_m,sim
2024-02-22,piedade,piedade,felino_m,sim
2024-02-22,piedade,piedade,canino_f,sim
2024-02-22,piedade,piedade,canino_f,sim
2024-02-22,antares,santa cruz,canino_m,nao
2024-02-22,antares,santa cruz,canino_f,nao
2024-02-22,piedade,piedade,felino_m,sim
2024-02-22,piedade,piedade,felino_f,sim
2024-02-22,piedade,piedade,canino_m,sim
2024-02-22,piedade,piedade,canino_m,sim
2024-02-22,piedade,piedade,canino_m,sim
2024-02-22,piedade,piedade,canino_f,sim
2024-02-22,piedade,piedade,felino_m,sim
2024-02-22,piedade,pilares,canino_m,sim
2024-02-22,piedade,piedade,felino_m,sim
2024-02-22,piedade,quintino,canino_f,sim
2024-02-22,piedade,quintino,canino_m,sim
2024-02-22,antares,santa cruz,felino_m,nao
2024-02-22,piedade,cavalcanti,canino_m,sim
2024-02-22,antares,santa cruz,canino_m,nao
2024-02-22,piedade,antares,canino_f,nao
2024-02-22,piedade,piedade,felino_m,sim
2024-02-22,piedade,marechal hermes,canino_m,sim
2024-02-22,piedade,piedade,canino_f,sim
2024-02-22,piedade,piedade,felino_f,sim
2024-02-22,piedade,piedade,canino_f,sim
2024-02-22,piedade,piedade,canino_m,sim
2024-02-22,piedade,piedade,canino_f,sim
2024-02-22,piedade,tomas coelho,canino_m,sim
2024-02-22,piedade,piedade,felino_m,sim
2024-02-22,piedade,piedade,felino_f,sim
2024-02-22,piedade,tomas coelho,felino_m,sim
2024-02-22,piedade,piedade,canino_m,sim
2024-02-22,piedade,bento ribeiro,canino_f,sim
2024-02-22,piedade,tomas coelho,felino_f,sim
2024-02-22,piedade,tomas coelho,felino_f,sim
2024-02-22,piedade,cascadura,felino_m,sim
2024-02-22,piedade,piedade,canino_m,sim
2024-02-22,piedade,piedade,felino_f,sim
2024-02-22,piedade,piedade,canino_f,sim
2024-02-22,antares,santa cruz,canino_f,nao
2024-02-22,antares,santa cruz,felino_m,nao
2024-02-22,antares,santa cruz,felino_m,nao
2024-02-22,antares,santa cruz,felino_m,nao
2024-02-22,antares,santa cruz,felino_m,nao
2024-02-22,antares,antares,felino_m,nao
2024-02-22,antares,santa cruz,felino_f,nao
2024-02-22,antares,santa cruz,canino_f,sim
2024-02-22,antares,santa cruz,canino_f,sim
2024-02-22,antares,santa cruz,canino_f,sim
2024-02-22,antares,santa cruz,canino_f,sim
2024-02-22,antares,santa cruz,canino_m,sim
2024-02-22,antares,santa cruz,felino_f,sim
2024-02-22,antares,santa cruz,felino_f,sim
2024-02-22,antares,santa cruz,felino_m,sim
2024-02-22,antares,antares,felino_m,sim
2024-02-23,piedade,piedade,canino_f,sim
2024-02-23,piedade,tomas coelho,felino_f,sim
2024-02-23,piedade,piedade,canino_m,sim
2024-02-23,piedade,piedade,felino_m,sim
2024-02-23,piedade,pilares,felino_m,sim
2024-02-23,piedade,piedade,canino_f,sim
2024-02-23,piedade,piedade,canino_f,sim
2024-02-23,piedade,piedade,canino_f,sim
2024-02-23,piedade,pilares,felino_m,sim
2024-02-23,piedade,piedade,canino_f,sim
2024-02-23,piedade,abolicao,felino_m,sim
2024-02-23,piedade,cascadura,canino_m,sim
2024-02-23,piedade,piedade,canino_f,nao
2024-02-23,piedade,piedade,canino_m,sim
2024-02-23,piedade,piedade,felino_m,sim
2024-02-23,piedade,piedade,felino_f,sim
2024-02-23,piedade,pilares,felino_m,sim
2024-02-23,piedade,pilares,canino_m,sim
2024-02-23,piedade,piedade,felino_m,sim
2024-02-23,piedade,piedade,felino_m,sim
2024-02-23,piedade,piedade,felino_f,sim
2024-02-23,piedade,piedade,canino_f,sim
2024-02-23,piedade,piedade,felino_f,sim
2024-02-23,piedade,piedade,felino_f,sim
2024-02-23,piedade,piedade,felino_f,sim
2024-02-23,piedade,piedade,felino_f,sim
2024-02-23,piedade,piedade,felino_f,sim
2024-02-23,piedade,piedade,canino_f,sim
2024-02-23,piedade,cascadura,felino_m,sim
2024-02-23,piedade,piedade,canino_f,sim
2024-02-23,piedade,cosmos,felino_m,sim
2024-02-23,piedade,piedade,canino_f,sim
2024-02-23,piedade,quintino,felino_f,sim
2024-02-23,piedade,guadalupe,felino_m,sim
2024-02-23,piedade,piedade,felino_f,sim
2024-02-23,piedade,piedade,felino_f,sim
2024-02-23,piedade,piedade,felino_m,sim
2024-02-23,piedade,cascadura,felino_m,sim
2024-02-26,piedade,piedade,felino_f,sim
2024-02-26,piedade,piedade,felino_f,sim
2024-02-26,piedade,piedade,felino_f,sim
2024-02-26,piedade,piedade,felino_m,sim
2024-02-26,piedade,piedade,canino_f,sim
2024-02-26,piedade,piedade,felino_m,sim
2024-02-26,piedade,piedade,felino_m,sim
2024-02-26,piedade,piedade,felino_f,sim
2024-02-26,piedade,piedade,canino_f,sim
2024-02-26,piedade,piedade,canino_m,sim
2024-02-26,piedade,piedade,canino_f,sim
2024-02-26,piedade,piedade,felino_f,sim
2024-02-26,piedade,abolicao,felino_m,sim
2024-02-26,piedade,guadalupe,felino_m,sim
2024-02-26,piedade,piedade,felino_m,sim
2024-02-26,piedade,piedade,felino_f,sim
2024-02-26,piedade,piedade,canino_f,sim
2024-02-26,piedade,piedade,canino_m,sim
2024-02-26,piedade,piedade,canino_f,sim
2024-02-26,piedade,quintino,canino_m,sim
2024-02-26,piedade,piedade,felino_m,sim
2024-02-26,piedade,abolicao,felino_m,sim
2024-02-26,piedade,piedade,felino_f,sim
2024-02-26,piedade,quintino,felino_f,sim
2024-02-26,piedade,cavalcanti,canino_f,sim
2024-02-26,piedade,quintino,canino_f,sim
2024-02-26,piedade,cascadura,canino_m,sim
2024-02-26,piedade,quintino,canino_f,sim
2024-02-26,piedade,piedade,canino_m,sim
2024-02-26,piedade,abolicao,felino_f,sim
2024-02-26,piedade,guadalupe,felino_m,sim
2024-02-26,piedade,abolicao,felino_f,sim
2024-02-26,piedade,piedade,felino_f,sim
2024-02-26,piedade,piedade,felino_m,sim
2024-02-26,piedade,quintino,canino_m,sim
2024-02-26,piedade,tomas coelho,canino_f,sim
2024-02-26,piedade,tomas coelho,canino_f,sim
2024-02-26,piedade,piedade,canino_f,sim
2024-02-26,piedade,piedade,felino_f,sim
2024-02-26,piedade,guadalupe,felino_m,sim
2024-02-26,piedade,piedade,felino_m,sim
2024-02-26,piedade,cavalcanti,felino_f,sim
2024-02-26,piedade,piedade,felino_m,sim
2024-02-26,piedade,abolicao,felino_m,sim
2024-02-26,piedade,piedade,canino_m,sim
2024-02-26,piedade,deodoro,felino_f,sim
2024-02-26,piedade,abolicao,felino_m,sim
2024-02-26,piedade,quintino,felino_m,sim
2024-02-26,piedade,cascadura,felino_f,sim
2024-02-26,piedade,piedade,felino_f,sim
2024-02-26,piedade,piedade,felino_f,sim
2024-02-23,antares,santa cruz,canino_m,nao
2024-02-23,antares,santa cruz,felino_m,nao
2024-02-23,antares,santa cruz,canino_f,nao
2024-02-23,antares,santa cruz,felino_m,nao
2024-02-23,antares,santa cruz,felino_m,nao
2024-02-23,antares,santa cruz,canino_f,nao
2024-02-23,antares,santa cruz,canino_f,sim
2024-02-23,antares,santa cruz,canino_f,sim
2024-02-23,antares,santa cruz,felino_f,sim
2024-02-23,antares,santa cruz,felino_m,sim
2024-02-23,antares,santa cruz,felino_f,sim
2024-02-23,antares,santa cruz,felino_f,sim
2024-02-23,antares,santa cruz,felino_f,nao
2024-02-23,antares,santa cruz,felino_f,sim
2024-02-23,antares,santa cruz,canino_f,sim
2024-02-23,antares,santa cruz,felino_m,sim
2024-02-23,antares,santa cruz,canino_f,sim
2024-02-27,antares,santa cruz,canino_f,nao
2024-02-27,antares,santa cruz,canino_f,nao
2024-02-27,antares,santa cruz,canino_m,nao
2024-02-27,antares,antares,canino_f,nao
2024-02-27,antares,santo cruz,felino_f,sim
2024-02-27,antares,santa cruz,felino_m,sim
2024-02-27,antares,santa cruz,canino_f,sim
2024-02-27,antares,santa cruz,canino_f,sim
2024-02-27,antares,santa cruz,canino_m,sim
2024-02-27,antares,santa cruz,felino_f,sim
2024-02-27,antares,santa cruz,felino_f,sim
2024-02-27,antares,santa cruz,felino_f,sim
2024-02-27,antares,santa cruz,felino_f,sim
2024-02-27,antares,santa cruz,felino_f,sim
2024-02-27,antares,santa cruz,felino_m,sim
2024-02-27,antares,santa cruz,canino_f,nao
2024-02-27,antares,santa cruz,felino_m,nao
2024-02-28,antares,santa cruz,felino_m,nao
2024-02-28,antares,santa cruz,canino_m,nao
2024-02-28,antares,antares,felino_f,nao
2024-02-28,antares,antares,canino_f,nao
2024-02-28,antares,antares,canino_f,nao
2024-02-28,antares,antares,felino_f,nao
2024-02-28,antares,santa cruz,felino_f,nao
2024-02-28,antares,santa cruz,felino_f,nao
2024-02-28,antares,santa cruz,canino_f,nao
2024-02-28,antares,santa cruz,canino_f,sim
2024-02-28,antares,santa cruz,canino_f,sim
2024-02-28,antares,santa cruz,canino_f,nao
2024-02-28,antares,santa cruz,canino_m,sim
2024-02-28,antares,santa cruz,felino_m,sim
2024-02-28,antares,santa cruz,felino_f,sim
2024-02-28,antares,santa cruz,canino_m,sim
2024-02-28,antares,santa cruz,felino_m,sim
2024-02-29,antares,santa cruz,felino_f,nao
2024-02-29,antares,santa cruz,felino_m,nao
2024-02-29,antares,santa cruz,canino_m,nao
2024-02-29,antares,santa cruz,canino_m,nao
2024-02-29,antares,antares,canino_m,nao
2024-02-29,antares,antares,canino_m,nao
2024-02-29,antares,santa cruz,felino_f,nao
2024-02-29,antares,antares,felino_m,nao
2024-02-29,antares,antares,felino_f,nao
2024-02-29,antares,santa cruz,canino_f,sim
2024-02-29,antares,santa cruz,canino_f,sim
2024-02-29,antares,santa cruz,felino_f,sim
2024-02-29,antares,santa cruz,felino_m,sim
2024-02-29,antares,santa cruz,canino_m,sim
2024-02-29,antares,santa cruz,felino_f,sim
2024-02-29,antares,santa cruz,felino_f,sim
2024-03-01,piedade,piedade,canino_m,nao
2024-03-01,piedade,piedade,felino_f,nao
2024-03-01,piedade,piedade,felino_f,nao
2024-03-01,antares,santa cruz,canino_m,nao
2024-03-01,antares,antares,canino_f,nao
2024-03-01,antares,santa cruz,felino_m,nao
2024-03-01,antares,antares,felino_m,nao
2024-03-01,antares,antares,canino_f,nao
2024-03-01,antares,santa cruz,felino_f,nao
2024-03-01,antares,santa cruz,felino_f,nao
2024-03-01,antares,santa cruz,canino_m,nao
2024-03-01,antares,santa cruz,felino_f,sim
2024-03-01,antares,santa cruz,felino_m,sim
2024-03-01,antares,santa cruz,felino_f,sim
2024-03-01,antares,santa cruz,canino_f,sim
2024-03-01,antares,santa cruz,canino_f,sim
2024-03-01,antares,santa cruz,canino_f,sim
2024-03-01,antares,santa cruz,felino_m,sim
2024-03-01,antares,santa cruz,felino_f,sim
2024-03-04,antares,santa cruz,felino_m,nao
2024-03-04,antares,santa cruz,felino_f,nao
2024-03-04,antares,santa cruz,canino_f,nao
2024-03-04,antares,antares,felino_f,nao
2024-03-04,antares,santa cruz,canino_f,nao
2024-03-04,antares,antares,canino_f,nao
2024-03-04,antares,antares,canino_m,nao
2024-03-04,antares,antares,canino_f,nao
2024-03-04,antares,antares,canino_f,nao
2024-03-04,antares,santa cruz,felino_f,nao
2024-03-04,antares,antares,felino_m,nao
2024-03-04,antares,santa cruz,felino_m,nao
2024-03-04,antares,santa cruz,canino_f,sim
2024-03-04,antares,santa cruz,canino_f,sim
2024-03-04,antares,santa cruz,felino_f,sim
2024-03-04,antares,santa cruz,felino_m,sim
2024-03-05,antares,santa cruz,felino_m,nao
2024-03-05,antares,antares,felino_f,nao
2024-03-05,antares,santa cruz,canino_m,nao
2024-03-05,antares,santa cruz,felino_f,nao
2024-03-05,antares,santa cruz,felino_m,nao
2024-03-05,antares,santa cruz,canino_f,sim
2024-03-05,antares,santa cruz,canino_f,nao
2024-03-05,antares,santa cruz,canino_f,nao
2024-03-05,antares,santa cruz,canino_f,sim
2024-03-05,antares,santa cruz,felino_f,sim
2024-03-05,antares,santa cruz,canino_f,sim
2024-03-05,antares,santa cruz,canino_m,sim
2024-03-05,antares,santa cruz,canino_m,sim
2024-03-05,antares,santa cruz,felino_f,sim
2024-03-05,antares,santa cruz,felino_f,sim
2024-03-05,antares,santa cruz,felino_m,sim
2024-03-05,antares,santa cruz,canino_f,nao
2024-03-06,antares,santa cruz,felino_f,nao
2024-03-06,antares,santa cruz,canino_f,nao
2024-03-06,antares,santa cruz,canino_m,nao
2024-03-06,antares,santa cruz,canino_m,nao
2024-03-06,antares,santa cruz,canino_f,nao
2024-03-06,antares,santa cruz,felino_f,nao
2024-03-06,antares,santa cruz,canino_f,sim
2024-03-06,antares,santa cruz,canino_f,sim
2024-03-06,antares,santa cruz,felino_m,sim
2024-03-06,antares,bento ribeiro,canino_f,sim
2024-03-06,antares,santa cruz,felino_m,sim
2024-03-06,antares,santa cruz,canino_m,nao
2024-03-06,antares,santa cruz,felino_f,sim
2024-03-06,antares,santa cruz,felino_f,nao
2024-03-06,antares,santa cruz,felino_f,nao
2024-03-06,antares,santa cruz,felino_f,sim
2024-03-07,antares,santa cruz,canino_f,nao
2024-03-07,antares,santa cruz,canino_f,nao
2024-03-07,antares,santa cruz,felino_f,nao
2024-03-07,antares,santa cruz,canino_f,nao
2024-03-07,antares,santa cruz,felino_f,nao
2024-03-07,antares,santa cruz,felino_f,nao
2024-03-07,antares,santa cruz,canino_m,nao
2024-03-07,antares,santa cruz,felino_m,nao
2024-03-07,antares,santa cruz,canino_f,sim
2024-03-07,antares,santa cruz,felino_f,sim
2024-03-07,antares,santa cruz,canino_m,nao
2024-03-07,antares,santa cruz,canino_m,sim
2024-03-07,antares,santa cruz,felino_f,sim
2024-03-08,antares,santa cruz,felino_f,nao
2024-03-08,antares,santa cruz,felino_f,nao
2024-03-08,antares,santa cruz,felino_f,nao
2024-03-08,antares,santa cruz,felino_f,nao
2024-03-08,antares,santa cruz,felino_f,nao
2024-03-08,antares,santa cruz,felino_m,sim
2024-03-08,antares,santa cruz,felino_m,nao
2024-03-08,antares,santa cruz,canino_f,nao
2024-03-08,antares,santa cruz,canino_m,nao
2024-03-08,antares,santa cruz,canino_m,nao
2024-03-08,antares,santa cruz,canino_m,sim
2024-03-08,antares,santa cruz,felino_m,sim
2024-03-08,antares,santa cruz,canino_f,sim
2024-03-08,antares,santa cruz,canino_f,sim
2024-03-08,antares,santa cruz,canino_f,sim
2024-03-08,antares,santa cruz,canino_f,sim
2024-03-11,piedade,piedade,canino_f,nao
2024-03-11,piedade,piedade,canino_f,nao
2024-03-11,piedade,piedade,canino_m,nao
2024-03-11,antares,santa cruz,felino_m,nao
2024-03-11,antares,santa cruz,felino_f,nao
2024-03-11,antares,antares,canino_m,nao
2024-03-11,antares,sepetiba,canino_f,nao
2024-03-11,antares,santa cruz,canino_f,nao
2024-03-11,piedade,piedade,felino_m,nao
2024-03-11,piedade,cascadura,canino_f,nao
2024-03-11,piedade,piedade,canino_m,nao
2024-03-11,piedade,cascadura,canino_f,nao
2024-03-11,piedade,piedade,canino_f,nao
2024-03-11,piedade,cascadura,felino_m,nao
2024-03-11,piedade,abolicao,canino_f,nao
2024-03-11,piedade,piedade,canino_f,nao
2024-03-11,piedade,praca seca,canino_m,nao
2024-03-11,piedade,piedade,felino_f,nao
2024-03-11,piedade,piedade,canino_m,nao
2024-03-11,piedade,piedade,canino_m,nao
2024-03-11,piedade,piedade,felino_f,nao
2024-03-11,piedade,piedade,canino_f,nao
2024-03-11,piedade,piedade,felino_f,nao
2024-03-11,piedade,piedade,canino_m,nao
2024-03-11,piedade,piedade,felino_m,nao
2024-03-11,piedade,piedade,felino_f,nao
2024-03-11,piedade,tomas coelho,canino_m,nao
2024-03-11,piedade,piedade,felino_f,nao
2024-03-11,piedade,piedade,canino_m,nao
2024-03-11,piedade,piedade,canino_f,nao
2024-03-11,piedade,piedade,canino_f,nao
2024-03-11,piedade,piedade,canino_m,nao
2024-03-11,piedade,piedade,canino_m,nao
2024-03-11,piedade,piedade,canino_f,nao
2024-03-11,piedade,tomas coelho,canino_m,nao
2024-03-11,piedade,piedade,felino_f,nao
2024-03-11,piedade,piedade,canino_f,nao
2024-03-11,piedade,piedade,canino_m,nao
2024-03-11,piedade,piedade,canino_m,nao
2024-03-11,piedade,piedade,canino_m,nao
2024-03-11,piedade,cachambi,canino_f,nao
2024-03-11,piedade,piedade,canino_f,nao
2024-03-11,antares,santa cruz,felino_f,sim
2024-03-11,antares,santa cruz,canino_f,sim
2024-03-11,antares,santa cruz,canino_f,sim
2024-03-11,antares,santa cruz,canino_m,sim
2024-03-11,antares,santa cruz,canino_f,sim
2024-03-11,antares,santa cruz,canino_f,nao
2024-03-11,antares,santa cruz,felino_m,sim
2024-03-11,antares,santa cruz,felino_m,sim
2024-03-11,antares,santa cruz,felino_f,sim
2024-03-11,antares,santa cruz,felino_f,sim
2024-03-11,antares,santa cruz,felino_f,sim
2024-03-11,antares,santa cruz,canino_m,sim
2024-03-12,antares,santa cruz,felino_f,nao
2024-03-12,antares,santa cruz,felino_m,nao
2024-03-12,antares,santa cruz,felino_m,nao
2024-03-12,antares,santa cruz,canino_m,nao
2024-03-12,antares,santa cruz,canino_f,nao
2024-03-12,antares,santa cruz,canino_f,nao
2024-03-12,antares,santa cruz,canino_f,nao
2024-03-12,antares,santa cruz,canino_f,sim
2024-03-12,antares,santa cruz,canino_f,sim
2024-03-12,antares,santa cruz,canino_m,sim
2024-03-12,antares,santa cruz,felino_m,sim
2024-03-12,antares,santa cruz,canino_m,sim
2024-03-12,antares,santa cruz,felino_f,sim
2024-03-12,antares,santa cruz,canino_m,sim
2024-03-12,antares,santa cruz,felino_m,sim
2024-03-12,antares,santa cruz,felino_m,sim
2024-03-12,antares,santa cruz,canino_f,nao
2024-03-13,antares,santa cruz,felino_m,nao
2024-03-13,antares,santa cruz,canino_f,nao
2024-03-13,antares,santa cruz,canino_m,nao
2024-03-13,antares,santa cruz,felino_m,nao
2024-03-13,antares,santa cruz,canino_m,nao
2024-03-13,antares,santa cruz,canino_f,nao
2024-03-13,antares,santa cruz,canino_f,nao
2024-03-13,antares,santa cruz,canino_f,sim
2024-03-13,antares,santa cruz,canino_m,sim
2024-03-13,antares,santa cruz,felino_f,sim
2024-03-13,antares,santa cruz,felino_m,sim
2024-03-13,antares,santa cruz,canino_m,sim
2024-03-13,antares,santa cruz,felino_f,sim
2024-03-14,antares,santa cruz,canino_m,nao
2024-03-14,antares,santa cruz,felino_f,nao
2024-03-14,antares,santa cruz,canino_m,nao
2024-03-14,antares,santa cruz,canino_m,nao
2024-03-14,antares,santa cruz,canino_m,nao
2024-03-14,antares,santa cruz,felino_f,nao
2024-03-14,antares,santa cruz,felino_f,nao
2024-03-14,antares,santa cruz,felino_f,nao
2024-03-14,antares,santa cruz,felino_f,nao
2024-03-14,antares,santa cruz,canino_f,sim
2024-03-14,antares,santa cruz,canino_f,sim
2024-03-14,antares,santa cruz,canino_f,sim
2024-03-14,piedade,santa cruz,canino_m,sim
2024-03-14,antares,santa cruz,canino_m,nao
2024-03-14,antares,santa cruz,canino_f,sim
2024-03-14,antares,santa cruz,canino_f,sim
2024-03-14,antares,santa cruz,felino_m,sim
2024-03-15,antares,santa cruz,felino_m,nao
2024-03-15,antares,santa cruz,felino_f,nao
2024-03-15,antares,santa cruz,canino_f,sim
2024-03-15,antares,santa cruz,canino_f,nao
2024-03-15,antares,santa cruz,canino_f,nao
2024-03-15,antares,santa cruz,felino_f,sim
2024-03-15,antares,santa cruz,felino_m,sim
2024-03-15,antares,santa cruz,felino_f,sim
2024-03-15,antares,santa cruz,felino_f,sim
2024-03-15,antares,santa cruz,felino_f,sim
2024-03-15,antares,santa cruz,felino_m,sim
2024-03-15,piedade,santa cruz,felino_f,sim
2024-03-15,antares,santa cruz,canino_m,nao
2024-03-15,antares,santa cruz,canino_m,nao
2024-03-15,antares,santa cruz,canino_m,nao
2024-03-18,antares,santa cruz,canino_f,nao
2024-03-18,antares,santa cruz,felino_f,nao
2024-03-18,antares,santa cruz,canino_f,nao
2024-03-18,antares,santa cruz,felino_m,nao
2024-03-18,antares,santa cruz,felino_f,sim
2024-03-18,antares,santa cruz,canino_f,sim
2024-03-18,antares,santa cruz,felino_f,sim
2024-03-18,antares,santa cruz,canino_m,sim
2024-03-18,antares,santa cruz,canino_m,sim
2024-03-18,antares,santa cruz,canino_f,sim
2024-03-18,antares,santa cruz,canino_m,sim
2024-03-18,antares,santa cruz,felino_m,sim
2024-03-18,antares,santa cruz,canino_m,sim
2024-03-18,antares,santa cruz,felino_f,sim
2024-03-18,antares,santa cruz,felino_m,sim
2024-03-19,antares,santa cruz,canino_f,nao
2024-03-19,antares,santa cruz,felino_f,nao
2024-03-19,antares,santa cruz,canino_m,nao
2024-03-19,antares,santa cruz,felino_f,nao
2024-03-19,antares,santa cruz,canino_f,nao
2024-03-19,antares,santa cruz,felino_m,sim
2024-03-19,antares,santa cruz,felino_m,sim
2024-03-19,antares,santa cruz,canino_f,sim
2024-03-19,antares,santa cruz,canino_f,sim
2024-03-19,antares,santa cruz,felino_m,sim
2024-03-19,antares,santa cruz,felino_f,nao
2024-03-19,antares,santa cruz,felino_f,sim
2024-03-19,antares,santa cruz,felino_f,sim
2024-03-19,antares,santa cruz,felino_m,sim
2024-03-19,antares,santa cruz,felino_f,sim
2024-03-19,antares,santa cruz,felino_m,nao
2024-03-19,antares,santa cruz,felino_m,sim
2024-03-25,guadalupe,guadalupe,felino_m,nao
2024-03-25,guadalupe,guadalupe,felino_m,nao
2024-03-25,guadalupe,guadalupe,felino_m,nao
2024-03-25,guadalupe,guadalupe,felino_f,nao
2024-03-25,guadalupe,guadalupe,canino_m,nao
2024-03-25,guadalupe,guadalupe,canino_f,sim
2024-03-25,guadalupe,guadalupe,canino_f,sim
2024-03-25,guadalupe,guadalupe,felino_m,sim
2024-03-25,guadalupe,guadalupe,canino_f,sim
2024-03-25,guadalupe,guadalupe,canino_m,nao
2024-03-25,guadalupe,guadalupe,canino_m,sim
2024-03-25,guadalupe,guadalupe,canino_m,sim
2024-03-25,guadalupe,guadalupe,felino_m,sim
2024-03-25,guadalupe,guadalupe,felino_m,sim
2024-03-25,guadalupe,guadalupe,felino_f,sim
2024-03-25,guadalupe,guadalupe,felino_f,sim
2024-03-25,guadalupe,guadalupe,felino_f,sim
2024-03-25,guadalupe,guadalupe,felino_m,sim
2024-03-25,guadalupe,guadalupe,felino_f,sim
2024-03-25,guadalupe,guadalupe,felino_m,sim
2024-03-25,guadalupe,ricardo de albuquerque,canino_f,nao
2024-03-26,guadalupe,barros filho,canino_f,nao
2024-03-26,guadalupe,guadalupe,felino_m,nao
2024-03-26,guadalupe,marechal hermes,felino_m,nao
2024-03-26,guadalupe,marechal hermes,felino_m,nao
2024-03-26,guadalupe,guadalupe,canino_f,sim
2024-03-26,guadalupe,barros filho,felino_f,sim
2024-03-26,guadalupe,guadalupe,felino_m,sim
2024-03-26,guadalupe,barros filho,canino_m,sim
2024-03-26,guadalupe,barros filho,felino_f,sim
2024-03-26,guadalupe,barros filho,felino_f,sim
2024-03-26,guadalupe,barros filho,canino_m,sim
2024-03-26,guadalupe,guadalupe,canino_m,sim
2024-03-26,guadalupe,guadalupe,canino_m,sim
2024-03-26,guadalupe,marechal hermes,felino_f,sim
2024-03-26,guadalupe,marechal hermes,felino_f,sim
2024-03-26,guadalupe,guadalupe,felino_m,sim
2024-03-26,guadalupe,guadalupe,felino_m,sim
2024-03-26,guadalupe,guadalupe,felino_m,sim
2024-03-26,guadalupe,guadalupe,felino_m,sim
2024-03-26,guadalupe,guadalupe,canino_f,nao
2024-03-26,guadalupe,guadalupe,felino_f,nao
2024-03-26,guadalupe,guadalupe,canino_f,nao
2024-03-27,guadalupe,anchieta,canino_m,nao
2024-03-27,guadalupe,ricardo de albuquerque,canino_f,sim
2024-03-27,guadalupe,ricardo de albuquerque,canino_f,sim
2024-03-27,guadalupe,ricardo de albuquerque,canino_f,sim
2024-03-27,guadalupe,pavuna,felino_m,sim
2024-03-27,guadalupe,pavuna,felino_m,sim
2024-03-27,guadalupe,pavuna,felino_m,sim
2024-03-27,guadalupe,pavuna,felino_m,sim
2024-03-27,guadalupe,guadalupe,canino_m,sim
2024-03-27,guadalupe,barros filho,canino_f,sim
2024-03-27,guadalupe,guadalupe,canino_f,sim
2024-03-27,guadalupe,anchieta,felino_f,sim
2024-03-27,guadalupe,guadalupe,felino_m,sim
2024-03-27,guadalupe,guadalupe,felino_f,sim
2024-03-27,guadalupe,guadalupe,felino_m,sim
2024-03-27,guadalupe,guadalupe,felino_f,sim
2024-03-27,guadalupe,guadalupe,felino_f,sim
2024-03-27,guadalupe,marechal hermes,felino_f,nao
2024-03-27,guadalupe,ricardo de albuquerque,canino_m,nao
2024-03-28,guadalupe,guadalupe,canino_f,nao
2024-03-28,guadalupe,guadalupe,canino_m,nao
2024-03-28,guadalupe,costa barros,canino_f,nao
2024-03-28,guadalupe,anchieta,canino_f,sim
2024-03-28,guadalupe,guadalupe,canino_f,sim
2024-03-28,guadalupe,guadalupe,canino_m,sim
2024-03-28,guadalupe,ricardo de albuquerque,felino_m,sim
2024-03-28,guadalupe,ricardo de albuquerque,felino_m,sim
2024-03-28,guadalupe,guadalupe,felino_m,sim
2024-03-28,guadalupe,guadalupe,felino_m,sim
2024-03-28,guadalupe,realengo,felino_m,sim
2024-03-28,guadalupe,guadalupe,felino_m,sim
2024-03-28,guadalupe,realengo,felino_m,sim
2024-03-28,guadalupe,guadalupe,felino_f,sim
2024-03-28,guadalupe,guadalupe,felino_m,nao
2024-03-28,guadalupe,ricardo de albuquerque,felino_f,nao
2024-03-28,guadalupe,deodoro,felino_f,nao
2024-03-28,guadalupe,deodoro,felino_f,nao
2024-03-28,guadalupe,guadalupe,canino_m,nao
2024-03-28,guadalupe,guadalupe,canino_m,nao
2024-04-01,guadalupe,guadalupe,felino_m,nao
2024-04-01,guadalupe,guadalupe,canino_m,nao
2024-04-01,guadalupe,anchieta,felino_f,nao
2024-04-01,guadalupe,guadalupe,felino_f,nao
2024-04-01,guadalupe,guadalupe,canino_f,nao
2024-04-01,guadalupe,guadalupe,canino_f,nao
2024-04-01,guadalupe,costa barros,canino_f,sim
2024-04-01,guadalupe,anchieta,canino_f,sim
2024-04-01,guadalupe,guadalupe,felino_m,sim
2024-04-01,guadalupe,costa barros,canino_m,sim
2024-04-01,guadalupe,ricardo de albuquerque,canino_m,sim
2024-04-01,guadalupe,marechal hermes,felino_f,sim
2024-04-01,guadalupe,guadalupe,canino_m,sim
2024-04-01,guadalupe,ricardo de albuquerque,felino_m,sim
2024-04-01,guadalupe,ricardo de albuquerque,felino_m,sim
2024-04-01,guadalupe,guadalupe,felino_f,sim
2024-04-01,guadalupe,ricardo de albuquerque,felino_m,sim
2024-04-01,guadalupe,guadalupe,felino_f,nao
2024-04-01,guadalupe,guadalupe,felino_m,nao
2024-04-01,guadalupe,guadalupe,felino_m,sim
2024-04-02,guadalupe,guadalupe,canino_f,sim
2024-04-02,guadalupe,guadalupe,canino_f,sim
2024-04-02,guadalupe,guadalupe,canino_f,sim
2024-04-02,guadalupe,guadalupe,canino_m,sim
2024-04-02,guadalupe,guadalupe,canino_f,nao
2024-04-02,guadalupe,guadalupe,felino_f,sim
2024-04-02,guadalupe,guadalupe,felino_f,sim
2024-04-02,guadalupe,guadalupe,felino_m,sim
2024-04-02,guadalupe,guadalupe,felino_m,sim
2024-04-02,guadalupe,guadalupe,felino_f,sim
2024-04-02,guadalupe,anchieta,felino_m,sim
2024-04-02,guadalupe,ricardo de albuquerque,felino_m,sim
2024-04-02,guadalupe,guadalupe,felino_f,nao
2024-04-02,guadalupe,guadalupe,canino_f,nao
2024-04-02,guadalupe,guadalupe,felino_m,nao
2024-04-02,guadalupe,guadalupe,felino_m,nao
2024-04-02,guadalupe,anchieta,felino_m,nao
2024-04-02,guadalupe,pavuna,felino_m,nao
2024-04-02,guadalupe,guadalupe,felino_m,nao
2024-04-02,guadalupe,guadalupe,canino_m,nao
2024-04-02,guadalupe,ricardo de albuquerque,canino_m,nao
2024-04-02,guadalupe,guadalupe,canino_m,nao
2024-04-03,guadalupe,guadalupe,canino_f,nao
2024-04-03,guadalupe,ricardo de albuquerque,canino_f,nao
2024-04-03,guadalupe,costa barros,canino_m,nao
2024-04-03,guadalupe,guadalupe,canino_m,nao
2024-04-03,guadalupe,guadalupe,felino_f,nao
2024-04-03,guadalupe,guadalupe,felino_f,nao
2024-04-03,guadalupe,guadalupe,felino_m,nao
2024-04-03,guadalupe,anchieta,felino_m,nao
2024-04-03,guadalupe,guadalupe,felino_m,nao
2024-04-03,guadalupe,guadalupe,felino_m,nao
2024-04-03,guadalupe,deodoro,felino_m,nao
2024-04-03,guadalupe,guadalupe,felino_m,nao
2024-04-03,guadalupe,guadalupe,canino_f,sim
2024-04-03,guadalupe,guadalupe,canino_f,sim
2024-04-03,guadalupe,guadalupe,canino_m,sim
2024-04-03,guadalupe,ricardo de albuquerque,felino_m,sim
2024-04-03,guadalupe,guadalupe,canino_m,sim
2024-04-03,guadalupe,guadalupe,felino_m,sim
2024-04-03,guadalupe,guadalupe,felino_m,sim
2024-04-03,guadalupe,guadalupe,canino_m,sim
2024-04-03,guadalupe,guadalupe,felino_f,sim
2024-04-03,guadalupe,guadalupe,felino_f,sim
2024-04-03,guadalupe,honorio gurgel,felino_f,sim
2024-04-04,guadalupe,guadalupe,canino_f,nao
2024-04-04,guadalupe,guadalupe,canino_f,nao
2024-04-04,guadalupe,guadalupe,canino_f,nao
2024-04-04,guadalupe,realengo,canino_m,nao
2024-04-04,guadalupe,guadalupe,canino_m,nao
2024-04-04,guadalupe,ricardo de albuquerque,felino_m,nao
2024-04-04,guadalupe,ricardo de albuquerque,felino_f,nao
2024-04-04,guadalupe,guadalupe,felino_m,nao
2024-04-04,guadalupe,ricardo de albuquerque,felino_m,nao
2024-04-04,guadalupe,guadalupe,felino_m,nao
2024-04-04,guadalupe,guadalupe,canino_f,sim
2024-04-04,guadalupe,guadalupe,canino_f,sim
2024-04-04,guadalupe,barros filho,felino_m,sim
2024-04-04,guadalupe,guadalupe,canino_f,nao
2024-04-04,guadalupe,guadalupe,felino_m,sim
2024-04-04,guadalupe,guadalupe,felino_m,sim
2024-04-04,guadalupe,ricardo de albuquerque,felino_f,sim
2024-04-04,guadalupe,anchieta,felino_f,nao
2024-04-04,guadalupe,ricardo de albuquerque,felino_f,sim
2024-04-04,guadalupe,guadalupe,canino_m,sim
2024-04-04,guadalupe,guadalupe,canino_m,nao
2024-04-05,guadalupe,ricardo de albuquerque,felino_m,nao
2024-04-05,guadalupe,guadalupe,felino_m,nao
2024-04-05,guadalupe,guadalupe,canino_f,nao
2024-04-05,guadalupe,ricardo de albuquerque,canino_m,nao
2024-04-05,guadalupe,anchieta,canino_m,nao
2024-04-05,guadalupe,guadalupe,felino_f,nao
2024-04-05,guadalupe,guadalupe,felino_f,sim
2024-04-05,guadalupe,guadalupe,canino_f,sim
2024-04-05,guadalupe,guadalupe,canino_f,sim
2024-04-05,guadalupe,guadalupe,canino_f,sim
2024-04-05,guadalupe,anchieta,felino_m,sim
2024-04-05,guadalupe,guadalupe,felino_m,sim
2024-04-05,guadalupe,guadalupe,felino_m,sim
2024-04-05,guadalupe,anchieta,canino_m,sim
2024-04-05,guadalupe,guadalupe,felino_m,sim
2024-04-05,guadalupe,guadalupe,felino_m,sim
2024-04-05,guadalupe,guadalupe,canino_m,sim
2024-04-05,guadalupe,guadalupe,felino_f,nao
2024-04-05,guadalupe,guadalupe,felino_f,sim
2024-04-05,guadalupe,guadalupe,felino_f,sim
2024-04-05,guadalupe,guadalupe,felino_m,sim
2024-04-05,guadalupe,guadalupe,felino_m,sim
2024-04-08,guadalupe,guadalupe,felino_f,nao
2024-04-08,guadalupe,guadalupe,felino_f,nao
2024-04-08,guadalupe,guadalupe,canino_f,nao
2024-04-08,guadalupe,guadalupe,canino_f,nao
2024-04-08,guadalupe,guadalupe,felino_m,nao
2024-04-08,guadalupe,guadalupe,felino_m,nao
2024-04-08,guadalupe,ricardo de albuquerque,felino_f,sim
2024-04-08,guadalupe,ricardo de albuquerque,felino_f,sim
2024-04-08,guadalupe,barros filho,felino_m,sim
2024-04-08,guadalupe,anchieta,felino_m,sim
2024-04-08,guadalupe,ricardo de albuquerque,canino_f,sim
2024-04-08,guadalupe,guadalupe,canino_m,sim
2024-04-08,guadalupe,guadalupe,felino_m,sim
2024-04-08,guadalupe,anchieta,canino_m,nao
2024-04-08,guadalupe,guadalupe,felino_m,sim
2024-04-08,guadalupe,guadalupe,felino_m,sim
2024-04-08,guadalupe,guadalupe,felino_m,sim
2024-04-08,guadalupe,guadalupe,canino_m,sim
2024-04-09,guadalupe,barros filho,felino_m,nao
2024-04-09,guadalupe,guadalupe,felino_m,nao
2024-04-09,guadalupe,guadalupe,felino_m,nao
2024-04-09,guadalupe,guadalupe,canino_f,nao
2024-04-09,guadalupe,guadalupe,canino_f,nao
2024-04-09,guadalupe,pavuna,canino_m,nao
2024-04-09,guadalupe,guadalupe,canino_m,nao
2024-04-09,guadalupe,guadalupe,felino_f,nao
2024-04-09,guadalupe,guadalupe,felino_f,nao
2024-04-09,guadalupe,coelho neto,felino_f,sim
2024-04-09,guadalupe,guadalupe,canino_f,sim
2024-04-09,guadalupe,ricardo de albuquerque,felino_m,sim
2024-04-09,guadalupe,ricardo de albuquerque,felino_m,sim
2024-04-09,guadalupe,coelho neto,felino_m,sim
2024-04-09,guadalupe,guadalupe,felino_m,sim
2024-04-09,guadalupe,guadalupe,felino_m,sim
2024-04-09,guadalupe,marechal hermes,felino_m,sim
2024-04-09,guadalupe,anchieta,felino_f,sim
2024-04-10,guadalupe,anchieta,felino_f,nao
2024-04-10,guadalupe,guadalupe,felino_f,nao
2024-04-10,guadalupe,anchieta,felino_f,nao
2024-04-10,guadalupe,guadalupe,felino_m,nao
2024-04-10,guadalupe,guadalupe,felino_m,nao
2024-04-10,guadalupe,guadalupe,canino_m,nao
2024-04-10,guadalupe,guadalupe,felino_m,nao
2024-04-10,guadalupe,guadalupe,canino_f,nao
2024-04-10,guadalupe,guadalupe,canino_f,nao
2024-04-10,guadalupe,guadalupe,canino_f,sim
2024-04-10,guadalupe,guadalupe,canino_f,sim
2024-04-10,guadalupe,guadalupe,canino_m,sim
2024-04-10,guadalupe,ricardo de albuquerque,canino_m,sim
2024-04-10,guadalupe,guadalupe,canino_f,sim
2024-04-10,guadalupe,pavuna,felino_m,sim
2024-04-10,guadalupe,complexo do chapadao,canino_m,sim
2024-04-10,guadalupe,guadalupe,felino_m,sim
2024-04-10,guadalupe,guadalupe,felino_m,sim
2024-04-10,guadalupe,guadalupe,felino_m,sim
2024-04-10,guadalupe,honorio gurgel,felino_f,sim
2024-04-11,guadalupe,guadalupe,canino_m,nao
2024-04-11,guadalupe,guadalupe,canino_f,nao
2024-04-11,guadalupe,ricardo de albuquerque,canino_f,nao
2024-04-11,guadalupe,guadalupe,felino_f,nao
2024-04-11,guadalupe,guadalupe,felino_f,nao
2024-04-11,guadalupe,guadalupe,felino_m,nao
2024-04-11,guadalupe,guadalupe,canino_m,sim
2024-04-11,guadalupe,anchieta,canino_f,sim
2024-04-11,guadalupe,ricardo de albuquerque,canino_f,sim
2024-04-11,guadalupe,guadalupe,felino_f,sim
2024-04-11,guadalupe,guadalupe,felino_f,sim
2024-04-11,guadalupe,guadalupe,canino_m,sim
2024-04-11,guadalupe,guadalupe,canino_m,sim
2024-04-11,guadalupe,ricardo de albuquerque,felino_f,sim
2024-04-12,piedade,anchieta,canino_f,nao
2024-04-12,guadalupe,guadalupe,canino_f,nao
2024-04-12,guadalupe,campo grande,felino_f,nao
2024-04-12,guadalupe,guadalupe,felino_m,nao
2024-04-12,guadalupe,guadalupe,canino_m,nao
2024-04-12,guadalupe,anchieta,canino_m,nao
2024-04-12,guadalupe,barros filho,felino_f,nao
2024-04-12,guadalupe,guadalupe,felino_f,sim
2024-04-12,guadalupe,costa barros,felino_m,sim
2024-04-12,guadalupe,guadalupe,canino_f,sim
2024-04-12,guadalupe,guadalupe,canino_f,sim
2024-04-12,guadalupe,costa barros,canino_m,sim
2024-04-12,guadalupe,guadalupe,canino_f,sim
2024-04-12,guadalupe,guadalupe,felino_f,nao
2024-04-15,guadalupe,parque anchieta,felino_m,nao
2024-04-15,guadalupe,guadalupe,felino_m,nao
2024-04-15,guadalupe,guadalupe,felino_f,nao
2024-04-15,guadalupe,guadalupe,canino_m,sim
2024-04-15,guadalupe,costa barros,canino_f,sim
2024-04-15,guadalupe,pavuna,canino_f,sim
2024-04-15,guadalupe,anchieta,canino_m,sim
2024-04-15,guadalupe,guadalupe,felino_f,sim
2024-04-15,guadalupe,guadalupe,felino_f,sim
2024-04-15,guadalupe,pavuna,canino_m,sim
2024-04-15,guadalupe,ricardo de albuquerque,felino_f,sim
2024-04-15,guadalupe,guadalupe,felino_f,sim
2024-04-16,guadalupe,paciencia,canino_m,nao
2024-04-16,guadalupe,guadalupe,canino_f,nao
2024-04-16,guadalupe,guadalupe,canino_f,nao
2024-04-16,guadalupe,guadalupe,canino_f,nao
2024-04-16,guadalupe,guadalupe,canino_f,nao
2024-04-16,guadalupe,anchieta,felino_f,nao
2024-04-16,guadalupe,guadalupe,felino_f,nao
2024-04-16,guadalupe,anchieta,felino_f,nao
2024-04-16,guadalupe,guadalupe,felino_f,sim
2024-04-16,guadalupe,ricardo de albuquerque,felino_m,sim
2024-04-16,guadalupe,guadalupe,canino_m,sim
2024-04-16,guadalupe,guadalupe,canino_m,sim
2024-04-16,guadalupe,guadalupe,canino_m,sim
2024-04-16,guadalupe,guadalupe,canino_f,sim
2024-04-17,guadalupe,guadalupe,canino_m,nao
2024-04-17,guadalupe,ricardo de albuquerque,canino_m,nao
2024-04-17,guadalupe,barros filho,felino_f,nao
2024-04-17,guadalupe,guadalupe,canino_f,nao
2024-04-17,guadalupe,guadalupe,felino_m,sim
2024-04-17,guadalupe,anchieta,felino_m,sim
2024-04-17,guadalupe,anchieta,felino_m,sim
2024-04-17,guadalupe,anchieta,felino_m,sim
2024-04-17,guadalupe,guadalupe,canino_m,sim
2024-04-17,guadalupe,costa barros,canino_m,sim
2024-04-17,guadalupe,guadalupe,canino_f,sim
2024-04-17,guadalupe,ricardo de albuquerque,canino_f,sim
2024-04-17,guadalupe,guadalupe,canino_f,sim
2024-04-17,guadalupe,barros filho,felino_f,nao
2024-04-17,guadalupe,anchieta,felino_f,sim
2024-04-17,guadalupe,ricardo de albuquerque,felino_f,sim
2024-04-18,guadalupe,guadalupe,felino_m,nao
2024-04-18,guadalupe,guadalupe,felino_m,nao
2024-04-18,guadalupe,anchieta,canino_m,nao
2024-04-18,guadalupe,guadalupe,canino_f,nao
2024-04-18,guadalupe,ricardo de albuquerque,canino_f,nao
2024-04-18,guadalupe,guadalupe,felino_f,nao
2024-04-18,guadalupe,guadalupe,felino_f,nao
2024-04-18,guadalupe,guadalupe,felino_f,sim
2024-04-18,guadalupe,ricardo de albuquerque,felino_f,sim
2024-04-18,guadalupe,barros filho,felino_f,sim
2024-04-18,guadalupe,guadalupe,canino_f,sim
2024-04-18,guadalupe,guadalupe,canino_f,sim
2024-04-18,guadalupe,ricardo de albuquerque,canino_f,nao
2024-04-18,guadalupe,guadalupe,canino_f,sim
2024-04-18,guadalupe,guadalupe,felino_m,sim
2024-04-18,guadalupe,guadalupe,felino_m,sim
2024-04-18,guadalupe,parque anchieta,felino_m,sim
2024-04-18,guadalupe,guadalupe,canino_m,sim
2024-04-18,guadalupe,barros filho,canino_m,sim
2024-04-19,guadalupe,guadalupe,canino_m,sim
2024-04-19,guadalupe,guadalupe,felino_f,sim
2024-04-19,guadalupe,guadalupe,felino_f,sim
2024-04-19,guadalupe,guadalupe,felino_f,sim
2024-04-19,guadalupe,guadalupe,felino_f,sim
2024-04-19,guadalupe,anchieta,canino_f,sim
2024-04-19,guadalupe,guadalupe,canino_f,sim
2024-04-19,guadalupe,barros filho,felino_m,sim
2024-04-19,guadalupe,barros filho,felino_m,sim
2024-04-19,guadalupe,pavuna,felino_m,sim
2024-04-19,guadalupe,ricardo de albuquerque,felino_m,sim
2024-04-19,guadalupe,guadalupe,felino_m,sim
2024-04-19,guadalupe,guadalupe,felino_m,nao
2024-04-19,guadalupe,guadalupe,felino_m,nao
2024-04-19,guadalupe,guadalupe,felino_m,nao
2024-04-19,guadalupe,guadalupe,canino_m,nao
2024-04-19,guadalupe,ricardo de albuquerque,canino_m,nao
2024-04-19,guadalupe,guadalupe,canino_m,nao
2024-04-19,guadalupe,guadalupe,felino_f,nao
2024-04-19,guadalupe,guadalupe,canino_f,nao
2024-04-19,guadalupe,ricardo de albuquerque,canino_f,nao
2024-04-18,guadalupe,pavuna,felino_f,nao
2024-04-22,guadalupe,ricardo de albuquerque,canino_m,nao
2024-04-22,guadalupe,guadalupe,canino_m,sim
2024-04-22,guadalupe,barros filho,canino_m,sim
2024-04-22,guadalupe,guadalupe,canino_m,nao
2024-04-22,guadalupe,guadalupe,felino_f,sim
2024-04-22,guadalupe,guadalupe,felino_f,sim
2024-04-22,guadalupe,guadalupe,felino_f,nao
2024-04-22,guadalupe,guadalupe,felino_f,sim
2024-04-22,guadalupe,ricardo de albuquerque,canino_m,nao
2024-04-22,guadalupe,guadalupe,canino_f,sim
2024-04-22,guadalupe,guadalupe,canino_f,nao
2024-04-22,guadalupe,guadalupe,canino_f,nao
2024-04-22,guadalupe,guadalupe,canino_f,nao
2024-04-22,guadalupe,guadalupe,felino_f,nao
2024-04-22,guadalupe,guadalupe,felino_f,nao
2024-04-22,guadalupe,guadalupe,canino_m,nao
2024-04-22,guadalupe,guadalupe,felino_m,nao
2024-04-22,guadalupe,guadalupe,felino_m,nao
2024-04-24,guadalupe,guadalupe,canino_f,nao
2024-04-24,guadalupe,guadalupe,canino_f,nao
2024-04-24,guadalupe,guadalupe,canino_f,nao
2024-04-24,guadalupe,guadalupe,felino_f,nao
2024-04-24,guadalupe,anchieta,felino_f,nao
2024-04-24,guadalupe,guadalupe,felino_f,nao
2024-04-24,guadalupe,ricardo de albuquerque,canino_m,nao
2024-04-24,guadalupe,ricardo de albuquerque,canino_m,nao
2024-04-24,guadalupe,guadalupe,canino_f,nao
2024-04-24,guadalupe,guadalupe,canino_f,sim
2024-04-24,guadalupe,guadalupe,canino_f,sim
2024-04-24,guadalupe,guadalupe,canino_f,nao
2024-04-24,guadalupe,ricardo de albuquerque,canino_m,sim
2024-04-24,guadalupe,guadalupe,canino_m,nao
2024-04-24,guadalupe,guadalupe,felino_f,sim
2024-04-24,guadalupe,guadalupe,canino_m,sim
2024-04-24,guadalupe,guadalupe,felino_f,sim
2024-04-25,guadalupe,sao joão,canino_f,nao
2024-04-25,guadalupe,anchieta,canino_f,nao
2024-04-25,guadalupe,guadalupe,canino_f,nao
2024-04-25,guadalupe,guadalupe,felino_f,nao
2024-04-25,guadalupe,guadalupe,felino_f,nao
2024-04-25,guadalupe,honorio gurgel,felino_m,nao
2024-04-25,guadalupe,barros filho,felino_m,nao
2024-04-25,guadalupe,guadalupe,canino_m,nao
2024-04-25,guadalupe,barros filho,felino_m,sim
2024-04-25,guadalupe,honorio gurgel,felino_m,sim
2024-04-25,guadalupe,barros filho,felino_m,sim
2024-04-25,guadalupe,guadalupe,felino_f,nao
2024-04-25,guadalupe,guadalupe,felino_f,sim
2024-04-25,guadalupe,guadalupe,felino_f,sim
2024-04-25,guadalupe,guadalupe,felino_f,sim
2024-04-25,guadalupe,ricardo de albuquerque,felino_f,sim
2024-04-25,guadalupe,guadalupe,canino_f,sim
2024-04-25,guadalupe,guadalupe,canino_f,sim
2024-04-25,guadalupe,ricardo de albuquerque,canino_m,sim
2024-04-25,guadalupe,ricardo de albuquerque,canino_m,sim
2024-04-25,guadalupe,guadalupe,canino_m,sim
2024-04-25,guadalupe,parque anchieta,canino_m,sim
2024-04-26,guadalupe,guadalupe,canino_f,sim
2024-04-26,guadalupe,guadalupe,canino_f,sim
2024-04-26,guadalupe,ricardo de albuquerque,felino_f,sim
2024-04-26,guadalupe,ricardo de albuquerque,canino_f,sim
2024-04-26,guadalupe,guadalupe,canino_m,sim
2024-04-26,guadalupe,parque anchieta,felino_f,nao
2024-04-26,guadalupe,guadalupe,canino_f,sim
2024-04-26,guadalupe,ricardo de albuquerque,canino_m,nao
2024-04-26,guadalupe,ricardo de albuquerque,canino_m,nao
2024-04-29,guadalupe,guadalupe,felino_f,nao
2024-04-29,guadalupe,guadalupe,canino_f,nao
2024-04-29,guadalupe,guadalupe,canino_f,nao
2024-04-29,guadalupe,guadalupe,felino_m,nao
2024-04-29,guadalupe,honorio gurgel,felino_m,nao
2024-04-29,guadalupe,guadalupe,canino_m,sim
2024-04-29,guadalupe,costa barros,felino_f,sim
2024-04-29,guadalupe,guadalupe,felino_f,sim
2024-04-29,guadalupe,guadalupe,felino_m,sim
2024-04-29,guadalupe,guadalupe,felino_m,sim
2024-04-29,guadalupe,costa barros,canino_m,sim
2024-04-29,guadalupe,costa barros,canino_f,sim
2024-04-29,guadalupe,sao joão,canino_m,sim
2024-04-29,guadalupe,guadalupe,felino_f,sim
2024-04-29,guadalupe,sao joão,canino_f,nao
2024-04-29,guadalupe,ricardo de albuquerque,canino_f,nao
2024-04-30,guadalupe,guadalupe,felino_m,nao
2024-04-30,guadalupe,guadalupe,felino_f,nao
2024-04-30,guadalupe,guadalupe,felino_f,nao
2024-04-30,guadalupe,guadalupe,felino_f,nao
2024-04-30,guadalupe,guadalupe,canino_m,nao
2024-04-30,guadalupe,guadalupe,canino_f,nao
2024-04-30,guadalupe,guadalupe,felino_m,sim
2024-04-30,guadalupe,costa barros,canino_m,sim
2024-04-30,guadalupe,guadalupe,canino_f,sim
2024-04-30,guadalupe,guadalupe,canino_f,sim
2024-04-30,guadalupe,parque anchieta,canino_f,nao
2024-04-30,guadalupe,costa barros,felino_f,nao
2024-04-30,guadalupe,guadalupe,felino_f,nao
2024-04-30,guadalupe,guadalupe,canino_m,sim
2024-04-30,guadalupe,anchieta,canino_f,sim
2024-05-06,vila kennedy,vila kennedy,felino_m,nao
2024-05-06,vila kennedy,vila kennedy,felino_m,nao
2024-05-06,vila kennedy,vila kennedy,felino_m,nao
2024-05-06,vila kennedy,vila kennedy,felino_m,nao
2024-05-06,vila kennedy,vila kennedy,felino_f,nao
2024-05-06,vila kennedy,bangu,canino_m,nao
2024-05-06,vila kennedy,bangu,felino_m,sim
2024-05-06,vila kennedy,bangu,canino_f,sim
2024-05-06,vila kennedy,bangu,canino_m,sim
2024-05-06,vila kennedy,bangu,canino_f,sim
2024-05-06,vila kennedy,vila kennedy,canino_f,sim
2024-05-06,vila kennedy,bangu,felino_m,sim
2024-05-06,vila kennedy,bangu,canino_m,sim
2024-05-06,vila kennedy,bangu,felino_f,sim
2024-05-06,vila kennedy,bangu,felino_m,sim
2024-05-06,vila kennedy,bangu,canino_m,sim
2024-05-06,vila kennedy,bangu,felino_f,sim
2024-05-06,vila kennedy,bangu,felino_f,sim
2024-05-06,vila kennedy,vila kennedy,felino_m,nao
2024-05-08,vila kennedy,bangu,felino_m,sim
2024-05-09,vila kennedy,vila kennedy,felino_m,nao
2024-05-09,vila kennedy,vila kennedy,felino_m,nao
2024-05-09,vila kennedy,vila kennedy,felino_m,nao
2024-05-09,vila kennedy,vila kennedy,felino_m,nao
2024-05-09,vila kennedy,vila kennedy,canino_f,nao
2024-05-09,vila kennedy,bangu,canino_m,nao
2024-05-09,vila kennedy,bangu,canino_m,sim
2024-05-09,vila kennedy,bangu,canino_m,sim
2024-05-09,vila kennedy,vila kennedy,canino_m,sim
2024-05-09,vila kennedy,bangu,canino_f,sim
2024-05-09,vila kennedy,bangu,canino_f,sim
2024-05-09,vila kennedy,vila kennedy,canino_f,sim
2024-05-09,vila kennedy,bangu,felino_f,sim
2024-05-09,vila kennedy,bangu,felino_f,sim
2024-05-09,vila kennedy,bangu,felino_f,sim
2024-05-09,vila kennedy,bangu,felino_m,sim
2024-05-09,vila kennedy,bangu,felino_f,nao
2024-05-10,vila kennedy,bangu,canino_m,sim
2024-05-10,vila kennedy,vila kennedy,felino_f,sim
2024-05-10,vila kennedy,vila kennedy,felino_f,sim
2024-05-10,vila kennedy,bangu,felino_f,sim
2024-05-10,vila kennedy,bangu,canino_f,sim
2024-05-10,vila kennedy,bangu,felino_m,sim
2024-05-10,vila kennedy,bangu,canino_f,sim
2024-05-10,vila kennedy,vila kennedy,felino_m,sim
2024-05-10,vila kennedy,bangu,felino_m,sim
2024-05-10,vila kennedy,bangu,felino_m,sim
2024-05-10,vila kennedy,vila kennedy,canino_f,sim
2024-05-10,vila kennedy,bangu,canino_m,nao
2024-05-10,vila kennedy,bangu,canino_f,sim
2024-05-10,vila kennedy,vila kennedy,felino_m,sim
2024-05-10,vila kennedy,bangu,felino_m,sim
2024-05-10,vila kennedy,bangu,felino_m,sim
2024-05-10,vila kennedy,bangu,felino_m,sim
2024-05-10,vila kennedy,bangu,felino_m,nao
2024-05-10,vila kennedy,vila kennedy,canino_m,nao
2024-05-10,vila kennedy,figueira,canino_m,nao
2024-05-10,vila kennedy,bangu,felino_f,nao
2024-05-10,vila kennedy,bangu,felino_f,nao
2024-05-10,vila kennedy,vila kennedy,canino_f,nao
2024-05-13,vila kennedy,vila kennedy,canino_f,sim
2024-05-13,vila kennedy,vila kennedy,felino_f,sim
2024-05-13,vila kennedy,bangu,canino_m,sim
2024-05-13,vila kennedy,bangu,felino_m,sim
2024-05-13,vila kennedy,bangu,felino_m,sim
2024-05-13,vila kennedy,bangu,felino_m,sim
2024-05-13,vila kennedy,vila kennedy,canino_m,nao
2024-05-13,vila kennedy,vila kennedy,canino_f,nao
2024-05-13,vila kennedy,bangu,felino_f,nao
2024-05-13,vila kennedy,bangu,felino_f,nao
2024-05-13,vila kennedy,vila kennedy,felino_m,nao
2024-05-13,vila kennedy,bangu,felino_m,nao
2024-05-14,vila kennedy,vila kennedy,canino_m,nao
2024-05-14,vila kennedy,vila kennedy,canino_f,nao
2024-05-14,vila kennedy,bangu,felino_f,nao
2024-05-14,vila kennedy,bangu,felino_f,nao
2024-05-14,vila kennedy,vila kennedy,canino_f,sim
2024-05-14,vila kennedy,bangu,canino_f,sim
2024-05-14,vila kennedy,bangu,canino_f,sim
2024-05-14,vila kennedy,vila kennedy,canino_m,sim
2024-05-14,vila kennedy,bangu,canino_m,sim
2024-05-14,vila kennedy,vila kennedy,canino_m,sim
2024-05-14,vila kennedy,bangu,felino_f,sim
2024-05-14,vila kennedy,bangu,felino_m,sim
2024-05-14,vila kennedy,bangu,felino_m,sim
2024-05-14,vila kennedy,vila kennedy,felino_m,sim
2024-05-14,vila kennedy,bangu,felino_m,sim
2024-05-14,vila kennedy,bangu,felino_m,sim
2024-05-14,vila kennedy,bangu,felino_m,nao
2024-05-14,vila kennedy,bangu,felino_m,nao
2024-05-15,vila kennedy,vila kennedy,canino_f,nao
2024-05-15,vila kennedy,vila kennedy,canino_f,sim
2024-05-15,vila kennedy,bangu,canino_f,sim
2024-05-15,vila kennedy,vila kennedy,canino_f,sim
2024-05-15,vila kennedy,vila kennedy,canino_f,sim
2024-05-15,vila kennedy,bangu,felino_f,sim
2024-05-15,vila kennedy,bangu,felino_f,sim
2024-05-15,vila kennedy,bangu,felino_f,sim
2024-05-15,vila kennedy,bangu,felino_f,sim
2024-05-15,vila kennedy,bangu,felino_m,sim
2024-05-15,vila kennedy,bangu,felino_m,sim
2024-05-15,vila kennedy,bangu,felino_m,sim
2024-05-15,vila kennedy,bangu,felino_m,sim
2024-05-16,vila kennedy,vila kennedy,felino_m,sim
2024-05-15,vila kennedy,bangu,felino_m,sim
2024-05-15,vila kennedy,bangu,felino_m,sim
2024-05-15,vila kennedy,vila kennedy,felino_m,sim
2024-05-15,vila kennedy,vila kennedy,canino_m,sim
2024-05-15,vila kennedy,bangu,canino_m,sim
2024-05-15,vila kennedy,vila kennedy,canino_m,nao
2024-05-15,vila kennedy,vila kennedy,canino_m,nao
2024-05-16,vila kennedy,vila kennedy,canino_m,nao
2024-05-16,vila kennedy,bangu,canino_m,nao
2024-05-16,vila kennedy,vila kennedy,canino_m,nao
2024-05-16,vila kennedy,bangu,felino_f,nao
2024-05-16,vila kennedy,bangu,felino_f,nao
2024-05-16,vila kennedy,bangu,felino_f,nao
2024-05-16,vila kennedy,vila kennedy,canino_f,nao
2024-05-16,vila kennedy,vila kennedy,canino_f,nao
2024-05-16,vila kennedy,vila kennedy,canino_f,nao
2024-05-16,vila kennedy,vila kennedy,felino_m,sim
2024-05-16,vila kennedy,bangu,felino_m,sim
2024-05-16,vila kennedy,bangu,canino_m,sim
2024-05-16,vila kennedy,bangu,felino_f,sim
2024-05-16,vila kennedy,bangu,felino_m,sim
2024-05-16,vila kennedy,bangu,felino_m,sim
2024-05-16,vila kennedy,bangu,felino_m,sim
2024-05-16,vila kennedy,bangu,felino_m,sim
2024-05-16,vila kennedy,bangu,canino_f,nao
2024-05-16,vila kennedy,vila kennedy,felino_m,sim
2024-05-17,vila kennedy,bangu,canino_m,nao
2024-05-17,vila kennedy,bangu,felino_f,nao
2024-05-17,vila kennedy,duque de caxias,felino_m,nao
2024-05-17,vila kennedy,bangu,felino_m,nao
2024-05-17,vila kennedy,vila kennedy,felino_m,nao
2024-05-17,vila kennedy,bangu,felino_m,sim
2024-05-17,vila kennedy,bangu,felino_f,sim
2024-05-17,vila kennedy,bangu,felino_f,sim
2024-05-17,vila kennedy,bangu,felino_f,sim
2024-05-17,vila kennedy,bangu,felino_f,sim
2024-05-17,vila kennedy,bangu,canino_m,sim
2024-05-17,vila kennedy,vila kennedy,canino_m,sim
2024-05-17,vila kennedy,bangu,canino_m,sim
2024-05-17,vila kennedy,vila kennedy,canino_f,sim
2024-05-17,vila kennedy,bangu,canino_f,sim
2024-05-17,vila kennedy,bangu,canino_f,nao
2024-05-17,vila kennedy,bangu,canino_f,nao
2024-05-17,vila kennedy,bangu,felino_m,nao
2024-05-20,vila kennedy,vila kennedy,felino_m,nao
2024-05-20,vila kennedy,bangu,felino_m,nao
2024-05-20,vila kennedy,bangu,felino_m,nao
2024-05-20,vila kennedy,vila kennedy,felino_m,nao
2024-05-20,vila kennedy,vila kennedy,felino_m,nao
2024-05-20,vila kennedy,bangu,canino_m,nao
2024-05-20,vila kennedy,santissimo,felino_f,nao
2024-05-20,vila kennedy,bangu,canino_f,sim
2024-05-20,vila kennedy,vila kennedy,canino_f,sim
2024-05-20,vila kennedy,vila kennedy,canino_f,sim
2024-05-20,vila kennedy,bangu,canino_m,sim
2024-05-20,vila kennedy,bangu,canino_m,sim
2024-05-20,vila kennedy,bangu,canino_m,sim
2024-05-20,vila kennedy,bangu,felino_f,sim
2024-05-20,vila kennedy,bangu,felino_f,sim
2024-05-20,vila kennedy,bangu,felino_m,sim
2024-05-20,vila kennedy,bangu,felino_m,sim
2024-05-20,vila kennedy,campo grande,canino_f,nao
2024-05-21,vila kennedy,bangu,canino_f,nao
2024-05-21,vila kennedy,vila kennedy,felino_f,nao
2024-05-21,vila kennedy,vila kennedy,canino_m,nao
2024-05-21,vila kennedy,vila kennedy,canino_m,nao
2024-05-21,vila kennedy,vila kennedy,felino_m,nao
2024-05-21,vila kennedy,vila kennedy,felino_m,sim
2024-05-21,vila kennedy,vila kennedy,felino_m,sim
2024-05-21,vila kennedy,bangu,felino_m,sim
2024-05-21,vila kennedy,vila kennedy,felino_m,sim
2024-05-21,vila kennedy,vila kennedy,felino_m,sim
2024-05-21,vila kennedy,vila kennedy,felino_m,sim
2024-05-21,vila kennedy,vila kennedy,felino_m,sim
2024-05-21,vila kennedy,campo grande,felino_m,sim
2024-05-21,vila kennedy,vila kennedy,canino_m,sim
2024-05-21,vila kennedy,vila kennedy,canino_f,sim
2024-05-21,vila kennedy,vila kennedy,canino_f,sim
2024-05-21,vila kennedy,vila kennedy,canino_f,sim
2024-05-21,vila kennedy,bangu,felino_f,sim
2024-05-21,vila kennedy,bangu,felino_f,sim
2024-05-21,vila kennedy,vila kennedy,felino_f,sim
2024-05-21,vila kennedy,vila kennedy,felino_f,sim
2024-05-22,vila kennedy,bangu,canino_f,nao
2024-05-22,vila kennedy,bangu,felino_m,nao
2024-05-22,vila kennedy,bangu,felino_m,nao
2024-05-22,vila kennedy,bangu,felino_m,nao
2024-05-22,vila kennedy,bangu,canino_m,nao
2024-05-22,vila kennedy,vila kennedy,canino_m,nao
2024-05-22,vila kennedy,vila kennedy,felino_f,nao
2024-05-22,vila kennedy,vila kennedy,canino_m,nao
2024-05-22,vila kennedy,bangu,felino_f,nao
2024-05-22,guadalupe,bangu,felino_f,sim
2024-05-22,vila kennedy,bangu,felino_f,sim
2024-05-22,vila kennedy,vila kennedy,felino_f,sim
2024-05-22,vila kennedy,bangu,canino_m,sim
2024-05-22,vila kennedy,bangu,felino_m,sim
2024-05-22,vila kennedy,vila kennedy,felino_m,sim
2024-05-22,vila kennedy,bangu,felino_m,sim
2024-05-22,vila kennedy,bangu,canino_f,sim
2024-05-22,vila kennedy,bangu,felino_m,sim
2024-05-22,vila kennedy,bangu,felino_m,sim
2024-05-22,vila kennedy,bangu,canino_f,nao
2024-05-22,vila kennedy,bangu,canino_f,sim
2024-05-24,vila kennedy,bangu,canino_f,sim
2024-05-24,vila kennedy,bangu,canino_f,sim
2024-05-24,vila kennedy,bangu,canino_f,sim
2024-05-24,vila kennedy,vila kennedy,canino_f,sim
2024-05-24,vila kennedy,vila kennedy,canino_f,sim
2024-05-24,vila kennedy,bangu,felino_m,sim
2024-05-24,vila kennedy,bangu,felino_m,sim
2024-05-24,vila kennedy,bangu,felino_m,sim
2024-05-24,vila kennedy,bangu,canino_m,sim
2024-05-24,vila kennedy,bangu,canino_m,sim
2024-05-24,vila kennedy,bangu,felino_f,sim
2024-05-24,vila kennedy,bangu,felino_f,sim
2024-05-24,vila kennedy,bangu,felino_f,sim
2024-05-24,vila kennedy,bangu,felino_f,nao
2024-05-24,vila kennedy,vila kennedy,canino_m,nao
2024-05-24,vila kennedy,bangu,canino_m,nao
2024-05-24,vila kennedy,vila kennedy,felino_m,nao
2024-05-24,vila kennedy,vila kennedy,felino_m,nao
2024-05-24,vila kennedy,vila kennedy,felino_m,nao
2024-05-24,vila kennedy,vila kennedy,felino_m,nao
2024-05-24,vila kennedy,vila kennedy,felino_m,nao
2024-05-27,vila kennedy,vila kennedy,felino_m,nao
2024-05-27,vila kennedy,vila kennedy,felino_m,nao
2024-05-27,vila kennedy,bangu,canino_m,sim
2024-05-27,vila kennedy,bangu,canino_m,sim
2024-05-27,vila kennedy,vila kennedy,canino_m,sim
2024-05-27,vila kennedy,vila kennedy,canino_m,sim
2024-05-27,vila kennedy,bangu,canino_f,sim
2024-05-27,vila kennedy,bangu,canino_f,sim
2024-05-27,vila kennedy,vila kennedy,canino_f,sim
2024-05-27,vila kennedy,vila kennedy,canino_f,sim
2024-05-27,vila kennedy,vila kennedy,felino_f,sim
2024-05-27,vila kennedy,bangu,felino_m,sim
2024-05-27,vila kennedy,bangu,felino_f,sim
2024-05-27,vila kennedy,bangu,felino_f,sim
2024-05-27,vila kennedy,vila kennedy,felino_m,sim
2024-05-28,vila kennedy,bangu,felino_f,nao
2024-05-28,vila kennedy,bangu,felino_f,nao
2024-05-28,vila kennedy,vila kennedy,canino_m,nao
2024-05-28,vila kennedy,vila kennedy,canino_m,nao
2024-05-28,vila kennedy,vila kennedy,canino_m,nao
2024-05-28,vila kennedy,vila kennedy,canino_f,nao
2024-05-28,vila kennedy,vila kennedy,canino_f,nao
2024-05-28,vila kennedy,vila kennedy,felino_m,nao
2024-05-28,vila kennedy,bangu,felino_m,nao
2024-05-28,vila kennedy,bangu,felino_m,sim
2024-05-28,vila kennedy,vila kennedy,felino_m,sim
2024-05-28,vila kennedy,vila kennedy,felino_m,sim
2024-05-28,vila kennedy,vila kennedy,felino_m,sim
2024-05-28,vila kennedy,bangu,felino_m,sim
2024-05-28,vila kennedy,bangu,canino_m,sim
2024-05-28,vila kennedy,senador camara,canino_f,sim
2024-05-28,vila kennedy,bangu,felino_f,sim
2024-05-29,vila kennedy,bangu,felino_f,nao
2024-05-29,vila kennedy,bangu,canino_f,nao
2024-05-29,vila kennedy,vila kennedy,felino_m,sim
2024-05-29,vila kennedy,bangu,felino_m,sim
2024-05-29,vila kennedy,vila kennedy,felino_m,sim
2024-05-29,vila kennedy,bangu,canino_m,sim
2024-05-29,vila kennedy,vila kennedy,canino_m,sim
2024-05-29,vila kennedy,campo grande,felino_f,sim
2024-05-29,vila kennedy,campo grande,felino_f,sim
2024-05-29,vila kennedy,bangu,felino_f,sim
2024-05-29,vila kennedy,bangu,canino_f,sim
2024-05-29,vila kennedy,vila kennedy,canino_f,sim
2024-05-29,vila kennedy,bangu,canino_f,sim
2024-05-29,vila kennedy,bangu,canino_m,nao
2024-05-29,vila kennedy,vila kennedy,felino_f,nao
2024-05-31,vila kennedy,bangu,canino_m,nao
2024-05-31,vila kennedy,bangu,canino_m,sim
2024-05-31,vila kennedy,bangu,canino_m,sim
2024-05-31,vila kennedy,bangu,canino_m,sim
2024-05-31,vila kennedy,bangu,felino_f,sim
2024-05-31,vila kennedy,vila kennedy,felino_f,sim
2024-05-31,vila kennedy,bangu,felino_f,nao
2024-05-31,vila kennedy,bangu,felino_f,nao
2024-05-31,vila kennedy,vila kennedy,felino_m,nao
2024-05-31,vila kennedy,bangu,canino_f,sim
2024-05-31,vila kennedy,bangu,canino_f,sim
2024-05-31,vila kennedy,bangu,canino_f,sim
2024-05-31,vila kennedy,vila kennedy,canino_f,sim
2024-05-31,vila kennedy,bangu,canino_f,sim
2024-05-31,vila kennedy,bangu,canino_m,sim
2024-05-31,vila kennedy,campo grande,felino_m,sim
2024-05-31,vila kennedy,vila kennedy,felino_m,sim
2024-05-31,vila kennedy,vila kennedy,felino_m,sim
2024-05-31,vila kennedy,vila kennedy,felino_m,sim
2024-05-31,vila kennedy,bangu,felino_m,sim
