,data,LOCAL,BAIRRO,ESPECIE,cirurgia_realizada,count
0,2024-02-19,piedade,piedade,canino_m,sim,0.8
1,2024-02-19,piedade,piedade,canino_f,sim,0.6
2,2024-02-19,piedade,piedade,felino_f,sim,0.4
3,2024-02-19,piedade,piedade,felino_f,nao,0.2
4,2024-02-19,piedade,piedade,felino_m,sim,0.2
5,2024-02-20,piedade,piedade,canino_m,sim,1.8
6,2024-02-20,piedade,piedade,canino_f,sim,1.0
7,2024-02-20,piedade,piedade,felino_m,sim,0.6
8,2024-02-20,antares,santa cruz,felino_f,sim,0.6
9,2024-02-20,antares,antares,felino_m,nao,0.6
10,2024-02-20,piedade,quintino,canino_f,sim,0.6
11,2024-02-20,piedade,quintino,felino_m,sim,0.6
12,2024-02-20,antares,santa cruz,felino_m,nao,0.4
13,2024-02-20,antares,santa cruz,felino_m,sim,0.4
14,2024-02-20,antares,santa cruz,canino_m,nao,0.4
15,2024-02-20,piedade,cavalcanti,felino_f,sim,0.4
16,2024-02-20,antares,santa cruz,canino_f,nao,0.4
17,2024-02-20,piedade,piedade,felino_f,sim,0.2
18,2024-02-20,antares,antares,canino_f,sim,0.2
19,2024-02-20,antares,antares,felino_f,sim,0.2
20,2024-02-20,antares,antares,felino_m,sim,0.2
21,2024-02-20,antares,paciencia,felino_m,sim,0.2
22,2024-02-20,antares,santa cruz,canino_m,sim,0.2
23,2024-02-20,antares,antares,canino_f,nao,0.2
24,2024-02-20,antares,santa cruz,felino_f,nao,0.2
25,2024-02-21,piedade,piedade,canino_m,sim,2.8
26,2024-02-21,piedade,piedade,felino_m,sim,2.4
27,2024-02-21,antares,santa cruz,felino_m,sim,1.4
28,2024-02-21,piedade,piedade,felino_f,sim,1.0
29,2024-02-21,piedade,piedade,canino_f,sim,0.8
30,2024-02-21,antares,santa cruz,canino_f,nao,0.4
31,2024-02-21,antares,santa cruz,canino_m,sim,0.4
32,2024-02-21,antares,santa cruz,canino_m,nao,0.4
33,2024-02-21,antares,santa cruz,felino_f,sim,0.4
34,2024-02-21,piedade,quintino,canino_m,sim,0.4
35,2024-02-21,piedade,tomas coelho,felino_f,sim,0.4
36,2024-02-21,antares,santa cruz,felino_f,nao,0.2
37,2024-02-21,piedade,engenho de dentro,felino_f,sim,0.2
38,2024-02-21,piedade,pilares,felino_m,sim,0.2
39,2024-02-21,piedade,cavalcanti,felino_f,sim,0.2
40,2024-02-21,piedade,cavalcanti,canino_m,sim,0.2
41,2024-02-21,piedade,cavalcanti,felino_m,sim,0.2
42,2024-02-21,piedade,cascadura,felino_m,sim,0.2
43,2024-02-21,piedade,cachambi,canino_m,sim,0.2
44,2024-02-21,piedade,abolicao,canino_f,sim,0.2
45,2024-02-21,antares,santa cruz,canino_f,sim,0.2
46,2024-02-21,antares,antares,felino_f,sim,0.2
47,2024-02-21,antares,pantanal,felino_f,sim,0.2
48,2024-02-21,piedade,quintino,felino_m,sim,0.2
49,2024-02-21,antares,antares,canino_f,nao,0.2
50,2024-02-21,piedade,tomas coelho,canino_m,sim,0.2
51,2024-02-22,piedade,piedade,canino_f,sim,2.6
52,2024-02-22,piedade,piedade,canino_m,sim,2.0
53,2024-02-22,piedade,piedade,felino_m,sim,2.0
54,2024-02-22,piedade,piedade,felino_f,sim,1.8
55,2024-02-22,antares,santa cruz,felino_m,nao,1.0
56,2024-02-22,antares,santa cruz,canino_f,sim,0.8
57,2024-02-22,piedade,tomas coelho,felino_m,sim,0.8
58,2024-02-22,piedade,tomas coelho,felino_f,sim,0.6
59,2024-02-22,antares,santa cruz,canino_m,nao,0.4
60,2024-02-22,antares,santa cruz,canino_f,nao,0.4
61,2024-02-22,piedade,cavalcanti,canino_f,sim,0.4
62,2024-02-22,antares,santa cruz,felino_f,sim,0.4
63,2024-02-22,piedade,cavalcanti,felino_m,sim,0.4
64,2024-02-22,piedade,marechal hermes,canino_m,sim,0.2
65,2024-02-22,piedade,pilares,canino_m,sim,0.2
66,2024-02-22,piedade,quintino,canino_f,sim,0.2
67,2024-02-22,piedade,quintino,canino_m,sim,0.2
68,2024-02-22,piedade,tomas coelho,canino_m,sim,0.2
69,2024-02-22,antares,antares,felino_m,sim,0.2
70,2024-02-22,antares,piedade,canino_f,sim,0.2
71,2024-02-22,antares,santa cruz,canino_m,sim,0.2
72,2024-02-22,antares,antares,felino_m,nao,0.2
73,2024-02-22,piedade,cascadura,canino_f,sim,0.2
74,2024-02-22,piedade,cascadura,canino_m,sim,0.2
75,2024-02-22,piedade,cascadura,felino_m,sim,0.2
76,2024-02-22,piedade,cavalcanti,canino_m,sim,0.2
77,2024-02-22,piedade,engenho de dentro,felino_f,sim,0.2
78,2024-02-22,piedade,bento ribeiro,canino_f,sim,0.2
79,2024-02-22,antares,santa cruz,felino_f,nao,0.2
80,2024-02-22,antares,santa cruz,felino_m,sim,0.2
81,2024-02-22,piedade,antares,canino_f,nao,0.2
82,2024-02-23,piedade,piedade,felino_f,sim,1.8
83,2024-02-23,piedade,piedade,canino_f,sim,1.8
84,2024-02-23,piedade,piedade,felino_m,sim,1.0
85,2024-02-23,antares,santa cruz,canino_f,sim,0.8
86,2024-02-23,antares,santa cruz,felino_f,sim,0.8
87,2024-02-23,piedade,pilares,felino_m,sim,0.6
88,2024-02-23,antares,santa cruz,felino_m,nao,0.6
89,2024-02-23,antares,santa cruz,canino_f,nao,0.4
90,2024-02-23,piedade,piedade,canino_m,sim,0.4
91,2024-02-23,piedade,cascadura,felino_m,sim,0.4
92,2024-02-23,antares,santa cruz,felino_m,sim,0.4
93,2024-02-23,antares,santa cruz,canino_m,nao,0.2
94,2024-02-23,antares,santa cruz,felino_f,nao,0.2
95,2024-02-23,piedade,abolicao,felino_m,sim,0.2
96,2024-02-23,piedade,cascadura,canino_m,sim,0.2
97,2024-02-23,piedade,cosmos,felino_m,sim,0.2
98,2024-02-23,piedade,guadalupe,felino_m,sim,0.2
99,2024-02-23,piedade,piedade,canino_f,nao,0.2
100,2024-02-23,piedade,pilares,canino_m,sim,0.2
101,2024-02-23,piedade,quintino,felino_f,sim,0.2
102,2024-02-23,piedade,tomas coelho,felino_f,sim,0.2
103,2024-02-26,piedade,piedade,felino_f,sim,2.2
104,2024-02-26,piedade,piedade,felino_m,sim,1.6
105,2024-02-26,piedade,piedade,canino_f,sim,1.2
106,2024-02-26,piedade,abolicao,felino_m,sim,0.8
107,2024-02-26,piedade,piedade,canino_m,sim,0.8
108,2024-02-26,piedade,guadalupe,felino_m,sim,0.6
109,2024-02-26,piedade,quintino,canino_f,sim,0.4
110,2024-02-26,piedade,quintino,canino_m,sim,0.4
111,2024-02-26,piedade,tomas coelho,canino_f,sim,0.4
112,2024-02-26,piedade,abolicao,felino_f,sim,0.4
113,2024-02-26,piedade,cascadura,canino_m,sim,0.2
114,2024-02-26,piedade,cascadura,felino_f,sim,0.2
115,2024-02-26,piedade,cavalcanti,canino_f,sim,0.2
116,2024-02-26,piedade,cavalcanti,felino_f,sim,0.2
117,2024-02-26,piedade,deodoro,felino_f,sim,0.2
118,2024-02-26,piedade,quintino,felino_f,sim,0.2
119,2024-02-26,piedade,quintino,felino_m,sim,0.2
120,2024-02-27,antares,santa cruz,felino_f,sim,1.0
121,2024-02-27,antares,santa cruz,canino_f,nao,0.6
122,2024-02-27,antares,santa cruz,felino_m,sim,0.4
123,2024-02-27,antares,santa cruz,canino_f,sim,0.4
124,2024-02-27,antares,santa cruz,canino_m,nao,0.2
125,2024-02-27,antares,santa cruz,canino_m,sim,0.2
126,2024-02-27,antares,santa cruz,felino_m,nao,0.2
127,2024-02-27,antares,santo cruz,felino_f,sim,0.2
128,2024-02-27,antares,antares,canino_f,nao,0.2
129,2024-02-28,antares,santa cruz,canino_m,sim,0.4
130,2024-02-28,antares,santa cruz,felino_f,nao,0.4
131,2024-02-28,antares,antares,canino_f,nao,0.4
132,2024-02-28,antares,santa cruz,felino_m,sim,0.4
133,2024-02-28,antares,santa cruz,canino_f,sim,0.4
134,2024-02-28,antares,santa cruz,canino_f,nao,0.4
135,2024-02-28,antares,antares,felino_f,nao,0.4
136,2024-02-28,antares,santa cruz,canino_m,nao,0.2
137,2024-02-28,antares,santa cruz,felino_m,nao,0.2
138,2024-02-28,antares,santa cruz,felino_f,sim,0.2
139,2024-02-29,antares,santa cruz,felino_f,sim,0.6
140,2024-02-29,antares,antares,canino_m,nao,0.4
141,2024-02-29,antares,santa cruz,canino_f,sim,0.4
142,2024-02-29,antares,santa cruz,canino_m,nao,0.4
143,2024-02-29,antares,santa cruz,felino_f,nao,0.4
144,2024-02-29,antares,santa cruz,felino_m,sim,0.2
145,2024-02-29,antares,santa cruz,felino_m,nao,0.2
146,2024-02-29,antares,santa cruz,canino_m,sim,0.2
147,2024-02-29,antares,antares,felino_m,nao,0.2
148,2024-02-29,antares,antares,felino_f,nao,0.2
149,2024-03-01,antares,santa cruz,felino_f,sim,0.6
150,2024-03-01,antares,santa cruz,canino_f,sim,0.6
151,2024-03-01,antares,antares,canino_f,nao,0.4
152,2024-03-01,antares,santa cruz,canino_m,nao,0.4
153,2024-03-01,antares,santa cruz,felino_f,nao,0.4
154,2024-03-01,antares,santa cruz,felino_m,sim,0.4
155,2024-03-01,piedade,piedade,felino_f,nao,0.4
156,2024-03-01,piedade,piedade,canino_m,nao,0.2
157,2024-03-01,antares,santa cruz,felino_m,nao,0.2
158,2024-03-01,antares,antares,felino_m,nao,0.2
159,2024-03-04,antares,antares,canino_f,nao,0.6
160,2024-03-04,antares,santa cruz,felino_m,nao,0.4
161,2024-03-04,antares,santa cruz,felino_f,nao,0.4
162,2024-03-04,antares,santa cruz,canino_f,sim,0.4
163,2024-03-04,antares,santa cruz,canino_f,nao,0.4
164,2024-03-04,antares,santa cruz,felino_m,sim,0.2
165,2024-03-04,antares,santa cruz,felino_f,sim,0.2
166,2024-03-04,antares,antares,felino_m,nao,0.2
167,2024-03-04,antares,antares,felino_f,nao,0.2
168,2024-03-04,antares,antares,canino_m,nao,0.2
169,2024-03-05,antares,santa cruz,canino_f,nao,0.6
170,2024-03-05,antares,santa cruz,canino_f,sim,0.6
171,2024-03-05,antares,santa cruz,felino_f,sim,0.6
172,2024-03-05,antares,santa cruz,canino_m,sim,0.4
173,2024-03-05,antares,santa cruz,felino_m,nao,0.4
174,2024-03-05,antares,santa cruz,felino_m,sim,0.2
175,2024-03-05,antares,santa cruz,felino_f,nao,0.2
176,2024-03-05,antares,santa cruz,canino_m,nao,0.2
177,2024-03-05,antares,antares,felino_f,nao,0.2
178,2024-03-06,antares,santa cruz,felino_f,nao,0.8
179,2024-03-06,antares,santa cruz,canino_m,nao,0.6
180,2024-03-06,antares,santa cruz,canino_f,sim,0.4
181,2024-03-06,antares,santa cruz,canino_f,nao,0.4
182,2024-03-06,antares,santa cruz,felino_f,sim,0.4
183,2024-03-06,antares,santa cruz,felino_m,sim,0.4
184,2024-03-06,antares,bento ribeiro,canino_f,sim,0.2
185,2024-03-07,antares,santa cruz,canino_f,nao,0.6
186,2024-03-07,antares,santa cruz,felino_f,nao,0.6
187,2024-03-07,antares,santa cruz,canino_m,nao,0.4
188,2024-03-07,antares,santa cruz,felino_f,sim,0.4
189,2024-03-07,antares,santa cruz,canino_f,sim,0.2
190,2024-03-07,antares,santa cruz,canino_m,sim,0.2
191,2024-03-07,antares,santa cruz,felino_m,nao,0.2
192,2024-03-08,antares,santa cruz,felino_f,nao,1.0
193,2024-03-08,antares,santa cruz,canino_f,sim,0.8
194,2024-03-08,antares,santa cruz,canino_m,nao,0.4
195,2024-03-08,antares,santa cruz,felino_m,sim,0.4
196,2024-03-08,antares,santa cruz,canino_f,nao,0.2
197,2024-03-08,antares,santa cruz,felino_m,nao,0.2
198,2024-03-08,antares,santa cruz,canino_m,sim,0.2
199,2024-03-11,piedade,piedade,canino_m,nao,2.2
200,2024-03-11,piedade,piedade,canino_f,nao,2.0
201,2024-03-11,piedade,piedade,felino_f,nao,1.2
202,2024-03-11,antares,santa cruz,felino_f,sim,0.8
203,2024-03-11,antares,santa cruz,canino_f,sim,0.6
204,2024-03-11,antares,santa cruz,canino_f,nao,0.4
205,2024-03-11,piedade,piedade,felino_m,nao,0.4
206,2024-03-11,piedade,tomas coelho,canino_m,nao,0.4
207,2024-03-11,piedade,cascadura,canino_f,nao,0.4
208,2024-03-11,antares,santa cruz,canino_m,sim,0.4
209,2024-03-11,antares,santa cruz,felino_m,sim,0.4
210,2024-03-11,piedade,praca seca,canino_m,nao,0.2
211,2024-03-11,piedade,cascadura,felino_m,nao,0.2
212,2024-03-11,piedade,cachambi,canino_f,nao,0.2
213,2024-03-11,piedade,abolicao,canino_f,nao,0.2
214,2024-03-11,antares,sepetiba,canino_f,nao,0.2
215,2024-03-11,antares,santa cruz,felino_m,nao,0.2
216,2024-03-11,antares,santa cruz,felino_f,nao,0.2
217,2024-03-11,antares,antares,canino_m,nao,0.2
218,2024-03-12,antares,santa cruz,canino_f,nao,0.8
219,2024-03-12,antares,santa cruz,felino_m,sim,0.6
220,2024-03-12,antares,santa cruz,canino_m,sim,0.6
221,2024-03-12,antares,santa cruz,canino_f,sim,0.4
222,2024-03-12,antares,santa cruz,felino_m,nao,0.4
223,2024-03-12,antares,santa cruz,felino_f,sim,0.2
224,2024-03-12,antares,santa cruz,felino_f,nao,0.2
225,2024-03-12,antares,santa cruz,canino_m,nao,0.2
226,2024-03-13,antares,santa cruz,canino_f,nao,0.6
227,2024-03-13,antares,santa cruz,felino_m,nao,0.4
228,2024-03-13,antares,santa cruz,felino_f,sim,0.4
229,2024-03-13,antares,santa cruz,canino_m,sim,0.4
230,2024-03-13,antares,santa cruz,canino_m,nao,0.4
231,2024-03-13,antares,santa cruz,felino_m,sim,0.2
232,2024-03-13,antares,santa cruz,canino_f,sim,0.2
233,2024-03-14,antares,santa cruz,canino_f,sim,1.0
234,2024-03-14,antares,santa cruz,felino_f,nao,1.0
235,2024-03-14,antares,santa cruz,canino_m,nao,1.0
236,2024-03-14,piedade,santa cruz,canino_m,sim,0.2
237,2024-03-14,antares,santa cruz,felino_m,sim,0.2
238,2024-03-15,antares,santa cruz,felino_f,sim,0.8
239,2024-03-15,antares,santa cruz,canino_m,nao,0.6
240,2024-03-15,antares,santa cruz,felino_m,sim,0.4
241,2024-03-15,antares,santa cruz,canino_f,nao,0.4
242,2024-03-15,piedade,santa cruz,felino_f,sim,0.2
243,2024-03-15,antares,santa cruz,felino_m,nao,0.2
244,2024-03-15,antares,santa cruz,felino_f,nao,0.2
245,2024-03-15,antares,santa cruz,canino_f,sim,0.2
246,2024-03-18,antares,santa cruz,canino_m,sim,0.8
247,2024-03-18,antares,santa cruz,felino_f,sim,0.6
248,2024-03-18,antares,santa cruz,canino_f,sim,0.4
249,2024-03-18,antares,santa cruz,felino_m,sim,0.4
250,2024-03-18,antares,santa cruz,canino_f,nao,0.4
251,2024-03-18,antares,santa cruz,felino_m,nao,0.2
252,2024-03-18,antares,santa cruz,felino_f,nao,0.2
253,2024-03-19,antares,santa cruz,felino_m,sim,1.0
254,2024-03-19,antares,santa cruz,felino_f,sim,0.6
255,2024-03-19,antares,santa cruz,felino_f,nao,0.6
256,2024-03-19,antares,santa cruz,canino_f,nao,0.4
257,2024-03-19,antares,santa cruz,canino_f,sim,0.4
258,2024-03-19,antares,santa cruz,felino_m,nao,0.2
259,2024-03-19,antares,santa cruz,canino_m,nao,0.2
260,2024-03-25,guadalupe,guadalupe,felino_m,sim,1.0
261,2024-03-25,guadalupe,guadalupe,felino_f,sim,0.8
262,2024-03-25,guadalupe,guadalupe,felino_m,nao,0.6
263,2024-03-25,guadalupe,guadalupe,canino_f,sim,0.6
264,2024-03-25,guadalupe,guadalupe,canino_m,sim,0.4
265,2024-03-25,guadalupe,guadalupe,canino_m,nao,0.4
266,2024-03-25,guadalupe,ricardo de albuquerque,canino_f,nao,0.2
267,2024-03-25,guadalupe,guadalupe,felino_f,nao,0.2
268,2024-03-26,guadalupe,guadalupe,felino_m,sim,1.0
269,2024-03-26,guadalupe,barros filho,felino_f,sim,0.6
270,2024-03-26,guadalupe,marechal hermes,felino_f,sim,0.4
271,2024-03-26,guadalupe,marechal hermes,felino_m,nao,0.4
272,2024-03-26,guadalupe,barros filho,canino_m,sim,0.4
273,2024-03-26,guadalupe,guadalupe,canino_f,nao,0.4
274,2024-03-26,guadalupe,guadalupe,canino_m,sim,0.4
275,2024-03-26,guadalupe,guadalupe,felino_m,nao,0.2
276,2024-03-26,guadalupe,guadalupe,felino_f,nao,0.2
277,2024-03-26,guadalupe,guadalupe,canino_f,sim,0.2
278,2024-03-26,guadalupe,barros filho,canino_f,nao,0.2
279,2024-03-27,guadalupe,pavuna,felino_m,sim,0.8
280,2024-03-27,guadalupe,guadalupe,felino_f,sim,0.6
281,2024-03-27,guadalupe,ricardo de albuquerque,canino_f,sim,0.6
282,2024-03-27,guadalupe,guadalupe,felino_m,sim,0.4
283,2024-03-27,guadalupe,guadalupe,canino_m,sim,0.2
284,2024-03-27,guadalupe,guadalupe,canino_f,sim,0.2
285,2024-03-27,guadalupe,barros filho,canino_f,sim,0.2
286,2024-03-27,guadalupe,anchieta,felino_f,sim,0.2
287,2024-03-27,guadalupe,anchieta,canino_m,nao,0.2
288,2024-03-27,guadalupe,marechal hermes,felino_f,nao,0.2
289,2024-03-27,guadalupe,ricardo de albuquerque,canino_m,nao,0.2
290,2024-03-28,guadalupe,guadalupe,canino_m,nao,0.6
291,2024-03-28,guadalupe,guadalupe,felino_m,sim,0.6
292,2024-03-28,guadalupe,deodoro,felino_f,nao,0.4
293,2024-03-28,guadalupe,realengo,felino_m,sim,0.4
294,2024-03-28,guadalupe,ricardo de albuquerque,felino_m,sim,0.4
295,2024-03-28,guadalupe,anchieta,canino_f,sim,0.2
296,2024-03-28,guadalupe,ricardo de albuquerque,felino_f,nao,0.2
297,2024-03-28,guadalupe,guadalupe,felino_m,nao,0.2
298,2024-03-28,guadalupe,guadalupe,felino_f,sim,0.2
299,2024-03-28,guadalupe,guadalupe,canino_m,sim,0.2
300,2024-03-28,guadalupe,guadalupe,canino_f,sim,0.2
301,2024-03-28,guadalupe,guadalupe,canino_f,nao,0.2
302,2024-03-28,guadalupe,costa barros,canino_f,nao,0.2
303,2024-04-01,guadalupe,ricardo de albuquerque,felino_m,sim,0.6
304,2024-04-01,guadalupe,guadalupe,canino_f,nao,0.4
305,2024-04-01,guadalupe,guadalupe,felino_m,nao,0.4
306,2024-04-01,guadalupe,guadalupe,felino_f,nao,0.4
307,2024-04-01,guadalupe,guadalupe,felino_m,sim,0.4
308,2024-04-01,guadalupe,ricardo de albuquerque,canino_m,sim,0.2
309,2024-04-01,guadalupe,marechal hermes,felino_f,sim,0.2
310,2024-04-01,guadalupe,guadalupe,felino_f,sim,0.2
311,2024-04-01,guadalupe,guadalupe,canino_m,sim,0.2
312,2024-04-01,guadalupe,guadalupe,canino_m,nao,0.2
313,2024-04-01,guadalupe,costa barros,canino_m,sim,0.2
314,2024-04-01,guadalupe,costa barros,canino_f,sim,0.2
315,2024-04-01,guadalupe,anchieta,felino_f,nao,0.2
316,2024-04-01,guadalupe,anchieta,canino_f,sim,0.2
317,2024-04-02,guadalupe,guadalupe,canino_f,sim,0.6
318,2024-04-02,guadalupe,guadalupe,felino_f,sim,0.6
319,2024-04-02,guadalupe,guadalupe,felino_m,nao,0.6
320,2024-04-02,guadalupe,guadalupe,canino_f,nao,0.4
321,2024-04-02,guadalupe,guadalupe,canino_m,nao,0.4
322,2024-04-02,guadalupe,guadalupe,felino_m,sim,0.4
323,2024-04-02,guadalupe,guadalupe,felino_f,nao,0.2
324,2024-04-02,guadalupe,guadalupe,canino_m,sim,0.2
325,2024-04-02,guadalupe,anchieta,felino_m,sim,0.2
326,2024-04-02,guadalupe,anchieta,felino_m,nao,0.2
327,2024-04-02,guadalupe,pavuna,felino_m,nao,0.2
328,2024-04-02,guadalupe,ricardo de albuquerque,canino_m,nao,0.2
329,2024-04-02,guadalupe,ricardo de albuquerque,felino_m,sim,0.2
330,2024-04-03,guadalupe,guadalupe,felino_m,nao,0.8
331,2024-04-03,guadalupe,guadalupe,canino_m,sim,0.6
332,2024-04-03,guadalupe,guadalupe,canino_f,sim,0.4
333,2024-04-03,guadalupe,guadalupe,felino_f,nao,0.4
334,2024-04-03,guadalupe,guadalupe,felino_f,sim,0.4
335,2024-04-03,guadalupe,guadalupe,felino_m,sim,0.4
336,2024-04-03,guadalupe,anchieta,felino_m,nao,0.2
337,2024-04-03,guadalupe,ricardo de albuquerque,felino_m,sim,0.2
338,2024-04-03,guadalupe,ricardo de albuquerque,canino_f,nao,0.2
339,2024-04-03,guadalupe,honorio gurgel,felino_f,sim,0.2
340,2024-04-03,guadalupe,guadalupe,canino_m,nao,0.2
341,2024-04-03,guadalupe,guadalupe,canino_f,nao,0.2
342,2024-04-03,guadalupe,deodoro,felino_m,nao,0.2
343,2024-04-03,guadalupe,costa barros,canino_m,nao,0.2
344,2024-04-04,guadalupe,guadalupe,canino_f,nao,0.8
345,2024-04-04,guadalupe,ricardo de albuquerque,felino_f,sim,0.4
346,2024-04-04,guadalupe,ricardo de albuquerque,felino_m,nao,0.4
347,2024-04-04,guadalupe,guadalupe,felino_m,sim,0.4
348,2024-04-04,guadalupe,guadalupe,canino_f,sim,0.4
349,2024-04-04,guadalupe,guadalupe,canino_m,nao,0.4
350,2024-04-04,guadalupe,guadalupe,felino_m,nao,0.4
351,2024-04-04,guadalupe,ricardo de albuquerque,felino_f,nao,0.2
352,2024-04-04,guadalupe,realengo,canino_m,nao,0.2
353,2024-04-04,guadalupe,guadalupe,canino_m,sim,0.2
354,2024-04-04,guadalupe,barros filho,felino_m,sim,0.2
355,2024-04-04,guadalupe,anchieta,felino_f,nao,0.2
356,2024-04-05,guadalupe,guadalupe,felino_m,sim,1.2
357,2024-04-05,guadalupe,guadalupe,canino_f,sim,0.6
358,2024-04-05,guadalupe,guadalupe,felino_f,sim,0.6
359,2024-04-05,guadalupe,guadalupe,felino_f,nao,0.4
360,2024-04-05,guadalupe,ricardo de albuquerque,felino_m,nao,0.2
361,2024-04-05,guadalupe,ricardo de albuquerque,canino_m,nao,0.2
362,2024-04-05,guadalupe,guadalupe,felino_m,nao,0.2
363,2024-04-05,guadalupe,guadalupe,canino_m,sim,0.2
364,2024-04-05,guadalupe,guadalupe,canino_f,nao,0.2
365,2024-04-05,guadalupe,anchieta,felino_m,sim,0.2
366,2024-04-05,guadalupe,anchieta,canino_m,sim,0.2
367,2024-04-05,guadalupe,anchieta,canino_m,nao,0.2
368,2024-04-08,guadalupe,guadalupe,felino_m,sim,0.8
369,2024-04-08,guadalupe,guadalupe,canino_f,nao,0.4
370,2024-04-08,guadalupe,guadalupe,canino_m,sim,0.4
371,2024-04-08,guadalupe,guadalupe,felino_f,nao,0.4
372,2024-04-08,guadalupe,guadalupe,felino_m,nao,0.4
373,2024-04-08,guadalupe,ricardo de albuquerque,felino_f,sim,0.4
374,2024-04-08,guadalupe,anchieta,canino_m,nao,0.2
375,2024-04-08,guadalupe,anchieta,felino_m,sim,0.2
376,2024-04-08,guadalupe,barros filho,felino_m,sim,0.2
377,2024-04-08,guadalupe,ricardo de albuquerque,canino_f,sim,0.2
378,2024-04-09,guadalupe,ricardo de albuquerque,felino_m,sim,0.4
379,2024-04-09,guadalupe,guadalupe,felino_m,sim,0.4
380,2024-04-09,guadalupe,guadalupe,felino_m,nao,0.4
381,2024-04-09,guadalupe,guadalupe,canino_f,nao,0.4
382,2024-04-09,guadalupe,guadalupe,felino_f,nao,0.4
383,2024-04-09,guadalupe,pavuna,canino_m,nao,0.2
384,2024-04-09,guadalupe,marechal hermes,felino_m,sim,0.2
385,2024-04-09,guadalupe,guadalupe,canino_m,nao,0.2
386,2024-04-09,guadalupe,guadalupe,canino_f,sim,0.2
387,2024-04-09,guadalupe,coelho neto,felino_m,sim,0.2
388,2024-04-09,guadalupe,coelho neto,felino_f,sim,0.2
389,2024-04-09,guadalupe,barros filho,felino_m,nao,0.2
390,2024-04-09,guadalupe,anchieta,felino_f,sim,0.2
391,2024-04-10,guadalupe,guadalupe,canino_f,sim,0.6
392,2024-04-10,guadalupe,guadalupe,felino_m,nao,0.6
393,2024-04-10,guadalupe,guadalupe,felino_m,sim,0.6
394,2024-04-10,guadalupe,guadalupe,canino_f,nao,0.4
395,2024-04-10,guadalupe,anchieta,felino_f,nao,0.4
396,2024-04-10,guadalupe,guadalupe,felino_f,nao,0.2
397,2024-04-10,guadalupe,ricardo de albuquerque,canino_m,sim,0.2
398,2024-04-10,guadalupe,pavuna,felino_m,sim,0.2
399,2024-04-10,guadalupe,honorio gurgel,felino_f,sim,0.2
400,2024-04-10,guadalupe,guadalupe,canino_m,sim,0.2
401,2024-04-10,guadalupe,guadalupe,canino_m,nao,0.2
402,2024-04-10,guadalupe,complexo do chapadao,canino_m,sim,0.2
403,2024-04-11,guadalupe,guadalupe,canino_m,sim,0.6
404,2024-04-11,guadalupe,guadalupe,felino_f,sim,0.4
405,2024-04-11,guadalupe,guadalupe,felino_f,nao,0.4
406,2024-04-11,guadalupe,ricardo de albuquerque,felino_f,sim,0.2
407,2024-04-11,guadalupe,ricardo de albuquerque,canino_f,sim,0.2
408,2024-04-11,guadalupe,ricardo de albuquerque,canino_f,nao,0.2
409,2024-04-11,guadalupe,guadalupe,felino_m,nao,0.2
410,2024-04-11,guadalupe,guadalupe,canino_m,nao,0.2
411,2024-04-11,guadalupe,guadalupe,canino_f,nao,0.2
412,2024-04-11,guadalupe,anchieta,canino_f,sim,0.2
413,2024-04-12,guadalupe,guadalupe,canino_f,sim,0.6
414,2024-04-12,guadalupe,guadalupe,felino_m,nao,0.2
415,2024-04-12,guadalupe,barros filho,felino_f,nao,0.2
416,2024-04-12,piedade,anchieta,canino_f,nao,0.2
417,2024-04-12,guadalupe,guadalupe,felino_f,sim,0.2
418,2024-04-12,guadalupe,guadalupe,felino_f,nao,0.2
419,2024-04-12,guadalupe,guadalupe,canino_m,nao,0.2
420,2024-04-12,guadalupe,guadalupe,canino_f,nao,0.2
421,2024-04-12,guadalupe,costa barros,felino_m,sim,0.2
422,2024-04-12,guadalupe,costa barros,canino_m,sim,0.2
423,2024-04-12,guadalupe,campo grande,felino_f,nao,0.2
424,2024-04-12,guadalupe,anchieta,canino_m,nao,0.2
425,2024-04-15,guadalupe,guadalupe,felino_f,sim,0.6
426,2024-04-15,guadalupe,ricardo de albuquerque,felino_f,sim,0.2
427,2024-04-15,guadalupe,pavuna,canino_m,sim,0.2
428,2024-04-15,guadalupe,pavuna,canino_f,sim,0.2
429,2024-04-15,guadalupe,parque anchieta,felino_m,nao,0.2
430,2024-04-15,guadalupe,guadalupe,felino_m,nao,0.2
431,2024-04-15,guadalupe,guadalupe,felino_f,nao,0.2
432,2024-04-15,guadalupe,guadalupe,canino_m,sim,0.2
433,2024-04-15,guadalupe,costa barros,canino_f,sim,0.2
434,2024-04-15,guadalupe,anchieta,canino_m,sim,0.2
435,2024-04-16,guadalupe,guadalupe,canino_f,nao,0.8
436,2024-04-16,guadalupe,guadalupe,canino_m,sim,0.6
437,2024-04-16,guadalupe,anchieta,felino_f,nao,0.4
438,2024-04-16,guadalupe,ricardo de albuquerque,felino_m,sim,0.2
439,2024-04-16,guadalupe,paciencia,canino_m,nao,0.2
440,2024-04-16,guadalupe,guadalupe,felino_f,sim,0.2
441,2024-04-16,guadalupe,guadalupe,felino_f,nao,0.2
442,2024-04-16,guadalupe,guadalupe,canino_f,sim,0.2
443,2024-04-17,guadalupe,anchieta,felino_m,sim,0.6
444,2024-04-17,guadalupe,guadalupe,canino_f,sim,0.4
445,2024-04-17,guadalupe,barros filho,felino_f,nao,0.4
446,2024-04-17,guadalupe,anchieta,felino_f,sim,0.2
447,2024-04-17,guadalupe,costa barros,canino_m,sim,0.2
448,2024-04-17,guadalupe,guadalupe,canino_f,nao,0.2
449,2024-04-17,guadalupe,guadalupe,canino_m,nao,0.2
450,2024-04-17,guadalupe,guadalupe,canino_m,sim,0.2
451,2024-04-17,guadalupe,ricardo de albuquerque,felino_f,sim,0.2
452,2024-04-17,guadalupe,ricardo de albuquerque,canino_m,nao,0.2
453,2024-04-17,guadalupe,ricardo de albuquerque,canino_f,sim,0.2
454,2024-04-17,guadalupe,guadalupe,felino_m,sim,0.2
455,2024-04-18,guadalupe,guadalupe,canino_f,sim,0.6
456,2024-04-18,guadalupe,ricardo de albuquerque,canino_f,nao,0.4
457,2024-04-18,guadalupe,guadalupe,felino_m,sim,0.4
458,2024-04-18,guadalupe,guadalupe,felino_m,nao,0.4
459,2024-04-18,guadalupe,guadalupe,felino_f,nao,0.4
460,2024-04-18,guadalupe,pavuna,felino_f,nao,0.2
461,2024-04-18,guadalupe,ricardo de albuquerque,felino_f,sim,0.2
462,2024-04-18,guadalupe,parque anchieta,felino_m,sim,0.2
463,2024-04-18,guadalupe,guadalupe,felino_f,sim,0.2
464,2024-04-18,guadalupe,guadalupe,canino_m,sim,0.2
465,2024-04-18,guadalupe,guadalupe,canino_f,nao,0.2
466,2024-04-18,guadalupe,barros filho,felino_f,sim,0.2
467,2024-04-18,guadalupe,barros filho,canino_m,sim,0.2
468,2024-04-18,guadalupe,anchieta,canino_m,nao,0.2
469,2024-04-19,guadalupe,guadalupe,felino_f,sim,0.8
470,2024-04-19,guadalupe,guadalupe,felino_m,nao,0.6
471,2024-04-19,guadalupe,barros filho,felino_m,sim,0.4
472,2024-04-19,guadalupe,guadalupe,canino_m,nao,0.4
473,2024-04-19,guadalupe,ricardo de albuquerque,felino_m,sim,0.2
474,2024-04-19,guadalupe,ricardo de albuquerque,canino_m,nao,0.2
475,2024-04-19,guadalupe,ricardo de albuquerque,canino_f,nao,0.2
476,2024-04-19,guadalupe,pavuna,felino_m,sim,0.2
477,2024-04-19,guadalupe,guadalupe,felino_m,sim,0.2
478,2024-04-19,guadalupe,guadalupe,felino_f,nao,0.2
479,2024-04-19,guadalupe,guadalupe,canino_m,sim,0.2
480,2024-04-19,guadalupe,guadalupe,canino_f,sim,0.2
481,2024-04-19,guadalupe,guadalupe,canino_f,nao,0.2
482,2024-04-19,guadalupe,anchieta,canino_f,sim,0.2
483,2024-04-22,guadalupe,guadalupe,felino_f,sim,0.6
484,2024-04-22,guadalupe,guadalupe,felino_f,nao,0.6
485,2024-04-22,guadalupe,guadalupe,canino_f,nao,0.6
486,2024-04-22,guadalupe,guadalupe,canino_m,nao,0.4
487,2024-04-22,guadalupe,guadalupe,felino_m,nao,0.4
488,2024-04-22,guadalupe,ricardo de albuquerque,canino_m,nao,0.4
489,2024-04-22,guadalupe,guadalupe,canino_m,sim,0.2
490,2024-04-22,guadalupe,guadalupe,canino_f,sim,0.2
491,2024-04-22,guadalupe,barros filho,canino_m,sim,0.2
492,2024-04-24,guadalupe,guadalupe,canino_f,nao,1.0
493,2024-04-24,guadalupe,guadalupe,felino_f,nao,0.4
494,2024-04-24,guadalupe,guadalupe,felino_f,sim,0.4
495,2024-04-24,guadalupe,ricardo de albuquerque,canino_m,nao,0.4
496,2024-04-24,guadalupe,guadalupe,canino_f,sim,0.4
497,2024-04-24,guadalupe,anchieta,felino_f,nao,0.2
498,2024-04-24,guadalupe,ricardo de albuquerque,canino_m,sim,0.2
499,2024-04-24,guadalupe,guadalupe,canino_m,sim,0.2
500,2024-04-24,guadalupe,guadalupe,canino_m,nao,0.2
501,2024-04-25,guadalupe,guadalupe,felino_f,nao,0.6
502,2024-04-25,guadalupe,guadalupe,felino_f,sim,0.6
503,2024-04-25,guadalupe,barros filho,felino_m,sim,0.4
504,2024-04-25,guadalupe,guadalupe,canino_f,sim,0.4
505,2024-04-25,guadalupe,ricardo de albuquerque,canino_m,sim,0.4
506,2024-04-25,guadalupe,ricardo de albuquerque,felino_f,sim,0.2
507,2024-04-25,guadalupe,honorio gurgel,felino_m,nao,0.2
508,2024-04-25,guadalupe,honorio gurgel,felino_m,sim,0.2
509,2024-04-25,guadalupe,parque anchieta,canino_m,sim,0.2
510,2024-04-25,guadalupe,guadalupe,canino_f,nao,0.2
511,2024-04-25,guadalupe,anchieta,canino_f,nao,0.2
512,2024-04-25,guadalupe,barros filho,felino_m,nao,0.2
513,2024-04-25,guadalupe,guadalupe,canino_m,nao,0.2
514,2024-04-25,guadalupe,guadalupe,canino_m,sim,0.2
515,2024-04-25,guadalupe,sao joão,canino_f,nao,0.2
516,2024-04-26,guadalupe,guadalupe,canino_f,sim,0.6
517,2024-04-26,guadalupe,ricardo de albuquerque,canino_m,nao,0.4
518,2024-04-26,guadalupe,guadalupe,canino_m,sim,0.2
519,2024-04-26,guadalupe,ricardo de albuquerque,canino_f,sim,0.2
520,2024-04-26,guadalupe,ricardo de albuquerque,felino_f,sim,0.2
521,2024-04-26,guadalupe,parque anchieta,felino_f,nao,0.2
522,2024-04-29,guadalupe,guadalupe,felino_m,sim,0.4
523,2024-04-29,guadalupe,guadalupe,felino_f,sim,0.4
524,2024-04-29,guadalupe,guadalupe,canino_f,nao,0.4
525,2024-04-29,guadalupe,costa barros,canino_f,sim,0.2
526,2024-04-29,guadalupe,costa barros,canino_m,sim,0.2
527,2024-04-29,guadalupe,guadalupe,felino_m,nao,0.2
528,2024-04-29,guadalupe,honorio gurgel,felino_m,nao,0.2
529,2024-04-29,guadalupe,sao joão,canino_m,sim,0.2
530,2024-04-29,guadalupe,sao joão,canino_f,nao,0.2
531,2024-04-29,guadalupe,ricardo de albuquerque,canino_f,nao,0.2
532,2024-04-29,guadalupe,guadalupe,felino_f,nao,0.2
533,2024-04-29,guadalupe,guadalupe,canino_m,sim,0.2
534,2024-04-29,guadalupe,costa barros,felino_f,sim,0.2
535,2024-04-30,guadalupe,guadalupe,felino_f,nao,0.8
536,2024-04-30,guadalupe,guadalupe,canino_f,sim,0.4
537,2024-04-30,guadalupe,guadalupe,canino_f,nao,0.2
538,2024-04-30,guadalupe,costa barros,felino_f,nao,0.2
539,2024-04-30,guadalupe,costa barros,canino_m,sim,0.2
540,2024-04-30,guadalupe,anchieta,canino_f,sim,0.2
541,2024-04-30,guadalupe,guadalupe,canino_m,nao,0.2
542,2024-04-30,guadalupe,guadalupe,canino_m,sim,0.2
543,2024-04-30,guadalupe,guadalupe,felino_m,nao,0.2
544,2024-04-30,guadalupe,guadalupe,felino_m,sim,0.2
545,2024-04-30,guadalupe,parque anchieta,canino_f,nao,0.2
546,2024-05-06,vila kennedy,vila kennedy,felino_m,nao,1.0
547,2024-05-06,vila kennedy,bangu,canino_m,sim,0.6
548,2024-05-06,vila kennedy,bangu,felino_f,sim,0.6
549,2024-05-06,vila kennedy,bangu,felino_m,sim,0.6
550,2024-05-06,vila kennedy,bangu,canino_f,sim,0.4
551,2024-05-06,vila kennedy,vila kennedy,felino_f,nao,0.2
552,2024-05-06,vila kennedy,bangu,canino_m,nao,0.2
553,2024-05-06,vila kennedy,vila kennedy,canino_f,sim,0.2
554,2024-05-08,vila kennedy,bangu,felino_m,sim,0.2
555,2024-05-09,vila kennedy,vila kennedy,felino_m,nao,0.8
556,2024-05-09,vila kennedy,bangu,felino_f,sim,0.6
557,2024-05-09,vila kennedy,bangu,canino_f,sim,0.4
558,2024-05-09,vila kennedy,bangu,canino_m,sim,0.4
559,2024-05-09,vila kennedy,bangu,felino_f,nao,0.2
560,2024-05-09,vila kennedy,vila kennedy,canino_f,nao,0.2
561,2024-05-09,vila kennedy,bangu,canino_m,nao,0.2
562,2024-05-09,vila kennedy,bangu,felino_m,sim,0.2
563,2024-05-09,vila kennedy,vila kennedy,canino_f,sim,0.2
564,2024-05-09,vila kennedy,vila kennedy,canino_m,sim,0.2
565,2024-05-10,vila kennedy,bangu,felino_m,sim,1.2
566,2024-05-10,vila kennedy,bangu,canino_f,sim,0.6
567,2024-05-10,vila kennedy,vila kennedy,felino_m,sim,0.4
568,2024-05-10,vila kennedy,vila kennedy,felino_f,sim,0.4
569,2024-05-10,vila kennedy,bangu,felino_f,nao,0.4
570,2024-05-10,vila kennedy,vila kennedy,canino_m,nao,0.2
571,2024-05-10,vila kennedy,vila kennedy,canino_f,sim,0.2
572,2024-05-10,vila kennedy,vila kennedy,canino_f,nao,0.2
573,2024-05-10,vila kennedy,figueira,canino_m,nao,0.2
574,2024-05-10,vila kennedy,bangu,felino_m,nao,0.2
575,2024-05-10,vila kennedy,bangu,felino_f,sim,0.2
576,2024-05-10,vila kennedy,bangu,canino_m,sim,0.2
577,2024-05-10,vila kennedy,bangu,canino_m,nao,0.2
578,2024-05-13,vila kennedy,bangu,felino_m,sim,0.6
579,2024-05-13,vila kennedy,bangu,felino_f,nao,0.4
580,2024-05-13,vila kennedy,vila kennedy,felino_m,nao,0.2
581,2024-05-13,vila kennedy,vila kennedy,felino_f,sim,0.2
582,2024-05-13,vila kennedy,vila kennedy,canino_m,nao,0.2
583,2024-05-13,vila kennedy,vila kennedy,canino_f,sim,0.2
584,2024-05-13,vila kennedy,vila kennedy,canino_f,nao,0.2
585,2024-05-13,vila kennedy,bangu,felino_m,nao,0.2
586,2024-05-13,vila kennedy,bangu,canino_m,sim,0.2
587,2024-05-14,vila kennedy,bangu,felino_m,sim,0.8
588,2024-05-14,vila kennedy,vila kennedy,canino_m,sim,0.4
589,2024-05-14,vila kennedy,bangu,felino_m,nao,0.4
590,2024-05-14,vila kennedy,bangu,felino_f,nao,0.4
591,2024-05-14,vila kennedy,bangu,canino_f,sim,0.4
592,2024-05-14,vila kennedy,vila kennedy,felino_m,sim,0.2
593,2024-05-14,vila kennedy,vila kennedy,canino_f,sim,0.2
594,2024-05-14,vila kennedy,vila kennedy,canino_f,nao,0.2
595,2024-05-14,vila kennedy,bangu,felino_f,sim,0.2
596,2024-05-14,vila kennedy,bangu,canino_m,sim,0.2
597,2024-05-14,vila kennedy,vila kennedy,canino_m,nao,0.2
598,2024-05-15,vila kennedy,bangu,felino_m,sim,1.2
599,2024-05-15,vila kennedy,bangu,felino_f,sim,0.8
600,2024-05-15,vila kennedy,vila kennedy,canino_f,sim,0.6
601,2024-05-15,vila kennedy,vila kennedy,canino_m,nao,0.4
602,2024-05-15,vila kennedy,bangu,canino_f,sim,0.2
603,2024-05-15,vila kennedy,bangu,canino_m,sim,0.2
604,2024-05-15,vila kennedy,vila kennedy,felino_m,sim,0.2
605,2024-05-15,vila kennedy,vila kennedy,canino_m,sim,0.2
606,2024-05-15,vila kennedy,vila kennedy,canino_f,nao,0.2
607,2024-05-16,vila kennedy,bangu,felino_m,sim,1.0
608,2024-05-16,vila kennedy,vila kennedy,canino_f,nao,0.6
609,2024-05-16,vila kennedy,bangu,felino_f,nao,0.6
610,2024-05-16,vila kennedy,vila kennedy,felino_m,sim,0.6
611,2024-05-16,vila kennedy,vila kennedy,canino_m,nao,0.4
612,2024-05-16,vila kennedy,bangu,felino_f,sim,0.2
613,2024-05-16,vila kennedy,bangu,canino_m,sim,0.2
614,2024-05-16,vila kennedy,bangu,canino_m,nao,0.2
615,2024-05-16,vila kennedy,bangu,canino_f,nao,0.2
616,2024-05-17,vila kennedy,bangu,felino_f,sim,0.8
617,2024-05-17,vila kennedy,bangu,felino_m,nao,0.4
618,2024-05-17,vila kennedy,bangu,canino_m,sim,0.4
619,2024-05-17,vila kennedy,bangu,canino_f,nao,0.4
620,2024-05-17,vila kennedy,vila kennedy,felino_m,nao,0.2
621,2024-05-17,vila kennedy,vila kennedy,canino_m,sim,0.2
622,2024-05-17,vila kennedy,vila kennedy,canino_f,sim,0.2
623,2024-05-17,vila kennedy,duque de caxias,felino_m,nao,0.2
624,2024-05-17,vila kennedy,bangu,felino_m,sim,0.2
625,2024-05-17,vila kennedy,bangu,felino_f,nao,0.2
626,2024-05-17,vila kennedy,bangu,canino_m,nao,0.2
627,2024-05-17,vila kennedy,bangu,canino_f,sim,0.2
628,2024-05-20,vila kennedy,bangu,canino_m,sim,0.6
629,2024-05-20,vila kennedy,vila kennedy,felino_m,nao,0.6
630,2024-05-20,vila kennedy,bangu,felino_f,sim,0.4
631,2024-05-20,vila kennedy,bangu,felino_m,sim,0.4
632,2024-05-20,vila kennedy,bangu,felino_m,nao,0.4
633,2024-05-20,vila kennedy,vila kennedy,canino_f,sim,0.4
634,2024-05-20,vila kennedy,santissimo,felino_f,nao,0.2
635,2024-05-20,vila kennedy,campo grande,canino_f,nao,0.2
636,2024-05-20,vila kennedy,bangu,canino_m,nao,0.2
637,2024-05-20,vila kennedy,bangu,canino_f,sim,0.2
638,2024-05-21,vila kennedy,vila kennedy,felino_m,sim,1.2
639,2024-05-21,vila kennedy,vila kennedy,canino_f,sim,0.6
640,2024-05-21,vila kennedy,vila kennedy,felino_f,sim,0.4
641,2024-05-21,vila kennedy,vila kennedy,canino_m,nao,0.4
642,2024-05-21,vila kennedy,bangu,felino_f,sim,0.4
643,2024-05-21,vila kennedy,vila kennedy,felino_m,nao,0.2
644,2024-05-21,vila kennedy,vila kennedy,felino_f,nao,0.2
645,2024-05-21,vila kennedy,vila kennedy,canino_m,sim,0.2
646,2024-05-21,vila kennedy,bangu,felino_m,sim,0.2
647,2024-05-21,vila kennedy,campo grande,felino_m,sim,0.2
648,2024-05-21,vila kennedy,bangu,canino_f,nao,0.2
649,2024-05-22,vila kennedy,bangu,felino_m,sim,0.8
650,2024-05-22,vila kennedy,bangu,felino_m,nao,0.6
651,2024-05-22,vila kennedy,bangu,canino_f,sim,0.4
652,2024-05-22,vila kennedy,bangu,canino_f,nao,0.4
653,2024-05-22,vila kennedy,vila kennedy,canino_m,nao,0.4
654,2024-05-22,vila kennedy,vila kennedy,felino_m,sim,0.2
655,2024-05-22,vila kennedy,vila kennedy,felino_f,sim,0.2
656,2024-05-22,vila kennedy,vila kennedy,felino_f,nao,0.2
657,2024-05-22,vila kennedy,bangu,felino_f,sim,0.2
658,2024-05-22,vila kennedy,bangu,felino_f,nao,0.2
659,2024-05-22,vila kennedy,bangu,canino_m,sim,0.2
660,2024-05-22,vila kennedy,bangu,canino_m,nao,0.2
661,2024-05-22,guadalupe,bangu,felino_f,sim,0.2
662,2024-05-24,vila kennedy,vila kennedy,felino_m,nao,1.0
663,2024-05-24,vila kennedy,bangu,canino_f,sim,0.6
664,2024-05-24,vila kennedy,bangu,felino_f,sim,0.6
665,2024-05-24,vila kennedy,bangu,felino_m,sim,0.6
666,2024-05-24,vila kennedy,bangu,canino_m,sim,0.4
667,2024-05-24,vila kennedy,vila kennedy,canino_f,sim,0.4
668,2024-05-24,vila kennedy,vila kennedy,canino_m,nao,0.2
669,2024-05-24,vila kennedy,bangu,felino_f,nao,0.2
670,2024-05-24,vila kennedy,bangu,canino_m,nao,0.2
671,2024-05-27,vila kennedy,bangu,felino_f,sim,0.4
672,2024-05-27,vila kennedy,bangu,canino_m,sim,0.4
673,2024-05-27,vila kennedy,bangu,canino_f,sim,0.4
674,2024-05-27,vila kennedy,vila kennedy,canino_f,sim,0.4
675,2024-05-27,vila kennedy,vila kennedy,felino_m,nao,0.4
676,2024-05-27,vila kennedy,vila kennedy,canino_m,sim,0.4
677,2024-05-27,vila kennedy,vila kennedy,felino_f,sim,0.2
678,2024-05-27,vila kennedy,bangu,felino_m,sim,0.2
679,2024-05-27,vila kennedy,vila kennedy,felino_m,sim,0.2
680,2024-05-28,vila kennedy,vila kennedy,canino_m,nao,0.6
681,2024-05-28,vila kennedy,vila kennedy,felino_m,sim,0.6
682,2024-05-28,vila kennedy,vila kennedy,canino_f,nao,0.4
683,2024-05-28,vila kennedy,bangu,felino_m,sim,0.4
684,2024-05-28,vila kennedy,bangu,felino_f,nao,0.4
685,2024-05-28,vila kennedy,bangu,canino_m,sim,0.2
686,2024-05-28,vila kennedy,bangu,felino_f,sim,0.2
687,2024-05-28,vila kennedy,bangu,felino_m,nao,0.2
688,2024-05-28,vila kennedy,vila kennedy,felino_m,nao,0.2
689,2024-05-28,vila kennedy,senador camara,canino_f,sim,0.2
690,2024-05-29,vila kennedy,bangu,canino_f,sim,0.4
691,2024-05-29,vila kennedy,campo grande,felino_f,sim,0.4
692,2024-05-29,vila kennedy,vila kennedy,felino_m,sim,0.4
693,2024-05-29,vila kennedy,vila kennedy,felino_f,nao,0.2
694,2024-05-29,vila kennedy,vila kennedy,canino_m,sim,0.2
695,2024-05-29,vila kennedy,vila kennedy,canino_f,sim,0.2
696,2024-05-29,vila kennedy,bangu,felino_m,sim,0.2
697,2024-05-29,vila kennedy,bangu,felino_f,sim,0.2
698,2024-05-29,vila kennedy,bangu,felino_f,nao,0.2
699,2024-05-29,vila kennedy,bangu,canino_m,sim,0.2
700,2024-05-29,vila kennedy,bangu,canino_m,nao,0.2
701,2024-05-29,vila kennedy,bangu,canino_f,nao,0.2
702,2024-05-31,vila kennedy,bangu,canino_f,sim,0.8
703,2024-05-31,vila kennedy,bangu,canino_m,sim,0.8
704,2024-05-31,vila kennedy,vila kennedy,felino_m,sim,0.6
705,2024-05-31,vila kennedy,bangu,felino_f,nao,0.4
706,2024-05-31,vila kennedy,vila kennedy,felino_m,nao,0.2
707,2024-05-31,vila kennedy,vila kennedy,felino_f,sim,0.2
708,2024-05-31,vila kennedy,vila kennedy,canino_f,sim,0.2
709,2024-05-31,vila kennedy,campo grande,felino_m,sim,0.2
710,2024-05-31,vila kennedy,bangu,felino_m,sim,0.2
711,2024-05-31,vila kennedy,bangu,felino_f,sim,0.2
712,2024-05-31,vila kennedy,bangu,canino_m,nao,0.2
